media_w1753462580_6233.ts,122,250,16,486,198
media_w518207003_6358.ts,140,96,0,367,115
media_w1976899067_6844.ts,150,148,0,382,111
media_w1680782566_6810.ts,126,0,0,211,98
media_w1455848486_7065.ts,122,241,0,458,123
media_w1072023324_1462.ts,170,107,0,391,125
media_w859239191_1545.ts,147,295,94,490,256
media_w2031094647_1455.ts,111,188,0,469,160
media_w1591683890_2278.ts,95,344,21,490,225
media_w492008322_1653.ts,193,0,0,184,103
media_w1528116695_2486.ts,82,127,0,388,105
media_w392430453_3504.ts,102,134,0,336,96
media_w1387808508_2823.ts,76,292,0,480,163
media_w52492588_3175.ts,117,191,0,490,197
media_w1823438933_2722.ts,131,337,1,490,256
media_w985188271_4865.ts,31,149,0,376,102
media_w2143517307_5425.ts,60,275,69,490,256
media_w500517268_3846.ts,122,163,0,395,144
