video_file,frame,x1,y1,x2,y2
crashes/2025-2024-2023/148_NE_Main_-_Center_2024-12-18_18_23_25_605.mp4,266,703,371,916,591
crashes/2025-2024-2023/116_NE_8_-_W_2024-08-09_13_57_50_639.mp4,34,0,411,150,646
crashes/2025-2024-2023/116_NE_8_-_W_2024-08-09_13_57_50_639.mp4,228,0,377,169,672
crashes/2025-2024-2023/Coal_Creek_SE_60_-_W_2024-06-21_15_13_36_055.mp4,104,312,87,715,313
crashes/2025-2024-2023/Coal_Creek_SE_60_-_W_2024-06-21_15_13_36_055.mp4,131,226,90,546,338
crashes/2025-2024-2023/Bel-Way_NE_8_-_Center_2025-01-24_08_51_55_430.mp4,45,1110,182,1539,495
crashes/2025-2024-2023/Bel-Way_NE_8_-_Center_2025-01-24_08_51_55_430.mp4,216,1008,278,1428,497
crashes/2025-2024-2023/116_NE_12-_-_Center_2023-10-11_10_04_39_303.mp4,110,463,188,779,360
crashes/2025-2024-2023/120_NE_12_-_W_2024-06-01_21_02_45_873.mp4,252,1442,1452,2399,1943
crashes/2025-2024-2023/156_NE_Northup_-_Center_2024-05-21_17_42_23_180.mp4,71,0,959,685,1308
crashes/2025-2024-2023/156_NE_Northup_-_Center_2024-05-21_17_42_23_180.mp4,79,2286,545,2591,834
crashes/2025-2024-2023/Bel-Way_SE_8_-_S_2024-09-11_16_23_00_246.mp4,170,853,326,1097,544
crashes/2025-2024-2023/Coal-Creek_Factoria_-_SE_2024-08-29_09_36_08_604.mp4,140,331,176,553,490
crashes/2025-2024-2023/156_NE_Northup_-_N_2024-05-21_17_42_23_180.mp4,151,1325,416,1730,675
crashes/2025-2024-2023/156_NE_Northup_-_N_2024-05-21_17_42_23_180.mp4,152,1218,434,1709,757
crashes/2025-2024-2023/148_SE_28-_-_S_2023-10-31_14_07_45_251.mp4,20,301,396,815,719
crashes/2025-2024-2023/148_SE_28-_-_S_2023-10-31_14_07_45_251.mp4,37,123,51,553,500
crashes/2025-2024-2023/145_SE_16-_-_W_2025-01-08_09_16_36_380.mp4,125,236,668,911,1068
crashes/2025-2024-2023/145_SE_16-_-_W_2025-01-08_09_16_36_380.mp4,135,352,587,859,957
crashes/2025-2024-2023/145_SE_16-_-_W_2025-01-08_09_16_36_380.mp4,140,382,545,863,952
crashes/2025-2024-2023/112_NE_Main_-_Center_2023-11-12_18_21_20_874.mp4,364,200,188,428,372
crashes/2025-2024-2023/158_NE_8_-_E_2024-04-02_09_13_57_448.mp4,84,551,266,819,517
crashes/2025-2024-2023/Bel-Way_P_R_South_-_Center_-_S_2024-07-18_15_08_17_562.mp4,126,354,211,637,488
crashes/2025-2024-2023/148_NE_24_-_N_2024-06-25_13_06_00_326.mp4,302,232,599,896,1320
crashes/2025-2024-2023/Spring_NE_12-_-_Center_2024-11-19_08_25_16_981.mp4,162,1800,1640,2553,1943
crashes/2025-2024-2023/156_NE_Northup_-_Center_2024-09-09_20_34_37_006.mp4,40,2140,1375,2591,1831
crashes/2025-2024-2023/156_NE_Northup_-_Center_2024-09-09_20_34_37_006.mp4,47,2001,590,2285,824
crashes/2025-2024-2023/156_NE_Northup_-_Center_2024-09-09_20_34_37_006.mp4,62,1990,533,2453,813
crashes/2025-2024-2023/156_NE_Northup_-_Center_2024-09-09_20_34_37_006.mp4,96,1882,519,2213,757
crashes/2025-2024-2023/156_NE_Northup_-_Center_2024-09-09_20_34_37_006.mp4,107,1915,531,2217,718
crashes/2025-2024-2023/156_NE_Northup_-_Center_2024-09-09_20_34_37_006.mp4,119,1202,713,1916,1038
crashes/2025-2024-2023/156_NE_Northup_-_Center_2024-09-09_20_34_37_006.mp4,121,2001,545,2339,732
crashes/2025-2024-2023/156_NE_Northup_-_Center_2024-09-09_20_34_37_006.mp4,136,1966,551,2320,746
crashes/2025-2024-2023/156_NE_Northup_-_Center_2024-09-09_20_34_37_006.mp4,229,2049,1390,2591,1919
crashes/2025-2024-2023/156_NE_Northup_-_Center_2024-09-09_20_34_37_006.mp4,240,2078,1400,2591,1943
crashes/2025-2024-2023/Coal-Creek___119-_-_E_2025-02-28_08_08_10_714.mp4,47,192,12,374,170
crashes/2025-2024-2023/108_NE_8_-_E_2025-02-01_19_38_13_288.mp4,173,1074,472,2086,790
crashes/2025-2024-2023/108_NE_8_-_E_2025-02-01_19_38_13_288.mp4,182,1228,438,1924,746
crashes/2025-2024-2023/108_NE_8_-_E_2025-02-01_19_38_13_288.mp4,194,1161,451,1694,710
crashes/2025-2024-2023/108_NE_8_-_E_2025-02-01_19_38_13_288.mp4,266,1119,416,2061,773
crashes/2025-2024-2023/Coal_Creek_SE_66_-_E_2024-10-03_18_51_59_066.mp4,264,0,86,169,329
crashes/2025-2024-2023/Coal_Creek_SE_66_-_E_2024-10-03_18_51_59_066.mp4,316,0,0,294,312
crashes/2025-2024-2023/Bel-Way_SE_8_-_N_2024-09-11_16_23_00_246.mp4,174,49,370,301,577
crashes/2025-2024-2023/Bel-Way_SE_8_-_N_2024-09-11_16_23_00_246.mp4,490,653,182,836,345
crashes/2025-2024-2023/Factoria_SE_38-_-_E_2023-03-26_14_35_51_432.mp4,208,1143,275,1279,502
crashes/2025-2024-2023/150_SE_38_-_N_2025-04-16_08_38_25_538.mp4,6,898,440,1554,920
crashes/2025-2024-2023/150_SE_38_-_N_2025-04-16_08_38_25_538.mp4,12,1060,664,1518,1013
crashes/2025-2024-2023/150_SE_38_-_N_2025-04-16_08_38_25_538.mp4,97,996,403,1720,821
crashes/2025-2024-2023/150_SE_38_-_N_2025-04-16_08_38_25_538.mp4,133,889,433,1695,1011
crashes/2025-2024-2023/150_SE_38_-_N_2025-04-16_08_38_25_538.mp4,198,1327,525,1799,901
crashes/2025-2024-2023/150_SE_38_-_N_2025-04-16_08_38_25_538.mp4,205,586,484,1530,1003
crashes/2025-2024-2023/Coal-Creek_124_-_W_2025-01-21_09_52_53_873.mp4,113,717,276,952,522
crashes/2025-2024-2023/Coal-Creek_124_-_W_2025-01-21_09_52_53_873.mp4,113,717,244,956,522
crashes/2025-2024-2023/148_NE_8-_-_Center_-_N_2024-12-24_12_38_28_310.mp4,43,86,721,470,987
crashes/2025-2024-2023/148_NE_8-_-_Center_-_N_2024-12-24_12_38_28_310.mp4,49,2416,540,2591,772
crashes/2025-2024-2023/148_NE_8-_-_Center_-_N_2024-12-24_12_38_28_310.mp4,49,2246,540,2591,760
crashes/2025-2024-2023/148_NE_8-_-_Center_-_N_2024-12-24_12_38_28_310.mp4,51,2418,564,2591,923
crashes/2025-2024-2023/148_NE_8-_-_Center_-_N_2024-12-24_12_38_28_310.mp4,140,87,706,477,976
crashes/2025-2024-2023/Bel-Way_SR_520__EB__-_Center_2024-03-02_18_57_30_186.mp4,48,955,30,1270,226
crashes/2025-2024-2023/Coal_Creek_SE_60_-_S_2025-04-24_14_47_28_078.mp4,125,577,100,1008,434
crashes/2025-2024-2023/150___SE_37_-_E_2023-07-19_16_46_17_532.mp4,25,299,163,875,719
crashes/2025-2024-2023/150___SE_37_-_E_2023-07-19_16_46_17_532.mp4,25,232,357,875,719
crashes/2025-2024-2023/108_NE_Northup_-_E_2025-06-25_07_36_18_781.mp4,155,342,181,651,363
crashes/2025-2024-2023/156_SE_Eastgate_-_Center_2023-08-29_12_53_45_460.mp4,165,580,203,837,341
crashes/2025-2024-2023/148___NE_29P_-_S_2023-02-22_07_19_01_266.mp4,60,47,229,536,473
crashes/2025-2024-2023/10500Blk_NE_10-_-_E_2024-03-19_16_59_40_247.mp4,87,1435,1011,1843,1572
crashes/2025-2024-2023/124_Bel-Red_-_Center_2024-03-03_19_49_08_041.mp4,105,235,387,539,701
crashes/2025-2024-2023/156_NE_Northup_-_W_2025-05-28_07_38_45_865.mp4,20,466,518,1236,985
crashes/2025-2024-2023/156_NE_Northup_-_W_2025-05-28_07_38_45_865.mp4,51,460,752,920,1158
crashes/2025-2024-2023/156_NE_Northup_-_W_2025-05-28_07_38_45_865.mp4,176,643,894,1152,1328
crashes/2025-2024-2023/Bel-Way_SE_112_-_Center_-_E_2025-02-11_08_38_47_987.mp4,248,93,160,595,437
crashes/2025-2024-2023/116W_NE_Northup_-_Center_2024-11-05_10_56_08_346.mp4,127,163,32,524,371
crashes/2025-2024-2023/112_NE_4_-_S_2025-06-16_11_34_34_202.mp4,60,0,750,259,961
crashes/2025-2024-2023/150_SE_37_-_Center_2024-07-24_09_10_38_087.mp4,75,616,190,886,399
crashes/2025-2024-2023/148_SE_22_-_W_2025-04-14_10_45_50_866.mp4,104,190,156,718,433
crashes/2025-2024-2023/Coal_Creek_SE_66_-_E_2024-12-30_09_57_12_343.mp4,126,485,1071,1425,1943
crashes/2025-2024-2023/Bel-Way_NE_10_-_W_2024-10-28_10_00_12_658.mp4,279,397,270,653,517
crashes/2025-2024-2023/Richards_SE_26_-_S_2024-04-25_09_55_10_202.mp4,101,1093,298,1279,681
crashes/2025-2024-2023/148_NE_24-_-_W_2023-09-25_07_17_10_811.mp4,82,104,514,961,719
crashes/2025-2024-2023/Coal_Creek_Forest_-_E_2024-10-22_06_33_19_135.mp4,166,0,927,772,1943
crashes/2025-2024-2023/108_NE_Northup_-_Center_2024-07-03_10_03_50_451.mp4,266,752,436,1123,719
crashes/2025-2024-2023/Richards_SE_30_-_E_2024-10-14_17_32_54_126.mp4,50,441,309,698,541
crashes/2025-2024-2023/Coal_Creek___SE_66-_-_N_2024-03-12_08_47_26_346.mp4,87,81,289,515,618
crashes/2025-2024-2023/Coal_Creek___SE_66-_-_N_2024-03-12_08_47_26_346.mp4,119,646,522,1169,1085
crashes/2025-2024-2023/116W_NE_Northup_-_Center_2025-01-07_14_00_16_802.mp4,139,246,214,716,425
crashes/2025-2024-2023/Coal-Creek_Factoria_-_SE_2024-07-10_12_33_53_103.mp4,202,300,223,503,399
crashes/2025-2024-2023/Coal-Creek_Factoria_-_SE_2024-07-10_12_33_53_103.mp4,202,300,169,502,399
crashes/2025-2024-2023/Coal-Creek_Factoria_-_SE_2024-07-10_12_33_53_103.mp4,206,262,190,466,430
crashes/2025-2024-2023/148___Bel-Red_-_E_2023-11-17_13_50_08_408.mp4,34,464,104,665,327
crashes/2025-2024-2023/Richards_SE_26_-_E_2024-10-24_16_39_20_362.mp4,707,244,254,642,687
crashes/2025-2024-2023/108_NE_8-_-_Center_2023-12-03_16_19_38_749.mp4,448,1113,162,1279,323
crashes/2025-2024-2023/101_NE_8_-_W_2024-09-12_10_36_22_775.mp4,27,1264,38,1458,225
crashes/2025-2024-2023/101_NE_8_-_W_2024-09-12_10_36_22_775.mp4,159,186,621,654,1111
crashes/2025-2024-2023/101_NE_8_-_W_2024-09-12_10_36_22_775.mp4,166,0,800,352,1106
crashes/2025-2024-2023/148_NE_Main_-_W_2024-12-18_18_23_25_605.mp4,39,2208,438,2591,756
crashes/2025-2024-2023/148_NE_Main_-_W_2024-12-18_18_23_25_605.mp4,58,0,651,164,1016
crashes/2025-2024-2023/148_NE_Main_-_W_2024-12-18_18_23_25_605.mp4,269,2200,438,2591,725
crashes/2025-2024-2023/Factoria_SE_38_-_Center_-N_2024-12-19_10_46_37_699.mp4,30,0,120,949,521
crashes/2025-2024-2023/Factoria_SE_38_-_Center_-N_2024-12-19_10_46_37_699.mp4,34,357,114,979,515
crashes/2025-2024-2023/148_NE_24-_-_W_2024-03-18_12_32_45_341.mp4,91,1084,396,1450,655
crashes/2025-2024-2023/148_NE_24-_-_W_2024-03-18_12_32_45_341.mp4,151,1087,384,1463,634
crashes/2025-2024-2023/148_NE_24-_-_W_2024-03-18_12_32_45_341.mp4,223,766,477,1244,808
crashes/2025-2024-2023/148_NE_24-_-_W_2024-03-18_12_32_45_341.mp4,228,769,426,1292,809
crashes/2025-2024-2023/Bel-Red_NE_24-_-_S_2024-06-06_14_01_07_829.mp4,27,0,197,139,409
crashes/2025-2024-2023/Coal_Creek___SE_66-_-_Center_2023-10-03_06_42_54_857.mp4,86,0,237,372,520
crashes/2025-2024-2023/Coal_Creek___SE_66-_-_Center_2023-10-03_06_42_54_857.mp4,96,581,227,956,469
crashes/2025-2024-2023/Spring_NE_12-_-_W_2024-11-19_08_25_16_981.mp4,169,1367,188,1584,489
crashes/2025-2024-2023/Spring_NE_12-_-_W_2024-11-19_08_25_16_981.mp4,206,1341,197,1556,467
crashes/2025-2024-2023/Spring_NE_12-_-_W_2024-11-19_08_25_16_981.mp4,256,475,961,1124,1763
crashes/2025-2024-2023/Spring_NE_12-_-_W_2024-11-19_08_25_16_981.mp4,498,1250,157,1524,512
crashes/2025-2024-2023/Coal_Creek_SE_66_-_Center_2024-04-05_14_48_58_154.mp4,148,1650,501,1981,838
crashes/2025-2024-2023/Coal_Creek_SE_66_-_Center_2024-04-05_14_48_58_154.mp4,174,1224,463,1752,705
crashes/2025-2024-2023/Coal_Creek_SE_66_-_Center_2024-04-05_14_48_58_154.mp4,185,2305,651,2591,974
crashes/2025-2024-2023/Bel-Way_NE_6_-_S_2024-09-03_10_04_01_485.mp4,798,720,198,997,399
crashes/2025-2024-2023/112_NE_Main_-_E_2023-09-13_07_13_07_004.mp4,97,582,390,1116,719
crashes/2025-2024-2023/112_NE_Main_-_E_2023-09-13_07_13_07_004.mp4,117,535,211,934,633
crashes/2025-2024-2023/156_NE_Northup_-_N_2025-05-28_07_38_45_865.mp4,99,2197,641,2591,1021
crashes/2025-2024-2023/110_NE_4_-_Center_2024-04-18_20_18_19_042.mp4,66,630,311,978,518
crashes/2025-2024-2023/ACC_Export-2023-08-22_03.16.40.079_PM.avi,245,465,478,808,689
crashes/2025-2024-2023/Coal_Creek_Forest_-_S_2024-10-22_06_33_19_135.mp4,129,1307,848,1898,1307
crashes/2025-2024-2023/Coal_Creek_Forest_-_S_2024-10-22_06_33_19_135.mp4,129,1262,810,1910,1310
crashes/2025-2024-2023/Coal_Creek_Forest_-_S_2024-10-22_06_33_19_135.mp4,130,1299,841,1738,1209
crashes/2025-2024-2023/Coal_Creek_Forest_-_S_2024-10-22_06_33_19_135.mp4,130,1267,815,1905,1309
crashes/2025-2024-2023/Coal_Creek_Forest_-_S_2024-10-22_06_33_19_135.mp4,153,1291,836,1977,1341
crashes/2025-2024-2023/156_NE_Main_-_N_2024-02-06_16_14_00_585.mp4,47,716,436,1181,719
crashes/2025-2024-2023/156_NE_Main_-_N_2024-02-06_16_14_00_585.mp4,68,158,229,540,462
crashes/2025-2024-2023/116_Overlake_Hospital_-_E_2024-03-04_14_40_21_033.mp4,444,365,239,685,517
crashes/2025-2024-2023/116_Overlake_Hospital_-_E_2024-03-04_14_40_21_033.mp4,614,1064,252,1279,479
crashes/2025-2024-2023/116_Overlake_Hospital_-_E_2024-03-04_14_40_21_033.mp4,854,0,26,288,224
crashes/2025-2024-2023/156___NE_8_-_N_2023-01-19_17_30_37_781.mp4,29,398,153,777,318
crashes/2025-2024-2023/Bel-Way_108_-_N_2024-11-16_21_16_04_675.mp4,100,220,341,522,584
crashes/2025-2024-2023/Bel-Way_108_-_N_2024-11-16_21_16_04_675.mp4,105,185,336,484,539
crashes/2025-2024-2023/156_NE_24_-_Center_-_S_2024-10-11_10_42_03_628.mp4,6,584,83,1270,486
crashes/2025-2024-2023/148_SE_28-_-_N_2024-03-17_19_10_39_016.mp4,218,1301,476,1496,657
crashes/2025-2024-2023/148_SE_28-_-_N_2024-03-17_19_10_39_016.mp4,218,1301,476,1516,669
crashes/2025-2024-2023/148_SE_28-_-_N_2024-03-17_19_10_39_016.mp4,275,2420,853,2591,1031
crashes/2025-2024-2023/148_SE_28-_-_N_2024-03-17_19_10_39_016.mp4,283,2355,841,2591,1186
crashes/2025-2024-2023/148_SE_28-_-_N_2024-03-17_19_10_39_016.mp4,1174,1129,538,1337,810
crashes/2025-2024-2023/148_SE_28-_-_N_2024-03-17_19_10_39_016.mp4,1306,2341,1356,2591,1821
crashes/2025-2024-2023/148_SE_28-_-_N_2024-03-17_19_10_39_016.mp4,1433,1152,544,1381,712
crashes/2025-2024-2023/148_SE_28-_-_N_2024-03-17_19_10_39_016.mp4,1486,1094,552,1335,717
crashes/2025-2024-2023/148_SE_28-_-_N_2024-03-17_19_10_39_016.mp4,2311,1253,461,1458,664
crashes/2025-2024-2023/148_SE_28-_-_N_2024-03-17_19_10_39_016.mp4,3702,1272,477,1475,658
crashes/2025-2024-2023/148_SE_28-_-_N_2024-03-17_19_10_39_016.mp4,3872,1161,488,1430,649
crashes/2025-2024-2023/148_SE__24_-_S_2024-06-01_23_05_04_268.mp4,500,213,177,470,364
crashes/2025-2024-2023/I-405_SB__SE_8-_-_S_2024-01-08_17_39_16_829.mp4,212,123,91,383,261
crashes/2025-2024-2023/I-405_SB__SE_8-_-_S_2024-01-08_17_39_16_829.mp4,221,102,74,389,268
crashes/2025-2024-2023/148___SE_22_-_Center_2024-04-03_20_32_53_837.mp4,38,691,134,1022,348
crashes/2025-2024-2023/Richards_SE_26_-_Center_2024-10-24_16_39_20_362.mp4,116,781,139,1099,423
crashes/2025-2024-2023/Richards_SE_26_-_Center_2024-10-24_16_39_20_362.mp4,707,1092,169,1279,361
crashes/2025-2024-2023/130_NE_20_-_W_2025-02-19_11_13_18_508.mp4,120,163,219,576,530
crashes/2025-2024-2023/148_NE_24_-_Center_2024-06-25_13_06_00_326.mp4,138,1404,924,2591,1943
crashes/2025-2024-2023/148_NE_24_-_Center_2024-06-25_13_06_00_326.mp4,379,0,678,135,1028
crashes/2025-2024-2023/148_NE_24_-_Center_2024-06-25_13_06_00_326.mp4,385,1694,204,1951,476
crashes/2025-2024-2023/148_NE_24_-_Center_2024-06-25_13_06_00_326.mp4,386,1701,212,1959,477
crashes/2025-2024-2023/148_NE_24_-_Center_2024-06-25_13_06_00_326.mp4,460,0,673,162,1149
crashes/2025-2024-2023/148_NE_24_-_Center_2024-06-25_13_06_00_326.mp4,535,808,1162,2242,1943
crashes/2025-2024-2023/156___NE_8_-_W_2023-01-19_17_30_37_781.mp4,32,705,161,1018,380
crashes/2025-2024-2023/148_SE_Lake_Hills_-_W_2024-07-29_18_41_47_570.mp4,197,2,98,402,588
crashes/2025-2024-2023/148_SE_Lake_Hills_-_W_2024-07-29_18_41_47_570.mp4,969,0,561,377,719
crashes/2025-2024-2023/148_SE_Lake_Hills_-_W_2024-07-29_18_41_47_570.mp4,1263,0,371,326,687
crashes/2025-2024-2023/148_SE_Lake_Hills_-_W_2024-07-29_18_41_47_570.mp4,1320,0,469,306,683
crashes/2025-2024-2023/116_NE_12_-_Center_2024-10-14_19_16_37_801.mp4,237,155,232,408,500
crashes/2025-2024-2023/116_SE_1_-_N_2023-12-18_06_55_28_083.mp4,178,483,270,743,672
crashes/2025-2024-2023/105_NE_4_-_W_2024-06-08_21_42_43_765.mp4,273,68,195,503,489
crashes/2025-2024-2023/105_NE_4_-_W_2024-06-08_21_42_43_765.mp4,417,288,204,601,409
crashes/2025-2024-2023/105_NE_4_-_W_2024-06-08_21_42_43_765.mp4,450,281,203,574,431
crashes/2025-2024-2023/105_NE_4_-_W_2024-06-08_21_42_43_765.mp4,494,285,204,563,428
crashes/2025-2024-2023/105_NE_4_-_W_2024-06-08_21_42_43_765.mp4,497,60,183,543,446
crashes/2025-2024-2023/105_NE_4_-_W_2024-06-08_21_42_43_765.mp4,532,843,66,1070,240
crashes/2025-2024-2023/105_NE_4_-_W_2024-06-08_21_42_43_765.mp4,547,846,64,1130,226
crashes/2025-2024-2023/105_NE_4_-_W_2024-06-08_21_42_43_765.mp4,547,879,68,1130,226
crashes/2025-2024-2023/Bel-Way_NE_12_-_NE_2023-05-16_11_43_57_842.mp4,122,398,153,656,399
crashes/2025-2024-2023/Bel-Way_NE_12_-_NE_2023-05-16_11_43_57_842.mp4,127,0,432,170,682
crashes/2025-2024-2023/116_NE_12-_-_Center_2023-12-15_16_05_38_188.mp4,151,967,517,1223,719
crashes/2025-2024-2023/148_SE_28-_-_S_2024-01-04_13_14_18_385.mp4,57,133,137,402,405
crashes/2025-2024-2023/148_SE_28-_-_S_2024-01-04_13_14_18_385.mp4,115,137,221,454,434
crashes/2025-2024-2023/148_SE_28-_-_S_2024-01-04_13_14_18_385.mp4,141,321,51,578,286
crashes/2025-2024-2023/148_SE_28-_-_S_2024-01-04_13_14_18_385.mp4,240,69,215,430,418
crashes/2025-2024-2023/148_SE_28-_-_S_2024-01-04_13_14_18_385.mp4,369,186,227,450,452
crashes/2025-2024-2023/112_NE_2_-_Center_-_S_2024-07-18_10_49_00_915.mp4,163,750,286,1050,638
crashes/2025-2024-2023/112_NE_12-_-_Center_2023-10-04_10_35_17_254.mp4,348,644,454,1099,719
crashes/2025-2024-2023/Richards_SE_26_-_N_2024-10-24_16_39_20_362.mp4,48,378,131,874,700
crashes/2025-2024-2023/Richards_SE_26_-_N_2024-10-24_16_39_20_362.mp4,102,178,151,572,374
crashes/2025-2024-2023/Richards_SE_26_-_N_2024-10-24_16_39_20_362.mp4,107,757,331,1103,600
crashes/2025-2024-2023/Richards_SE_26_-_N_2024-10-24_16_39_20_362.mp4,110,230,131,562,334
crashes/2025-2024-2023/Richards_SE_26_-_N_2024-10-24_16_39_20_362.mp4,326,706,321,1100,719
crashes/2025-2024-2023/Richards_SE_26_-_N_2024-10-24_16_39_20_362.mp4,360,535,154,941,719
crashes/2025-2024-2023/Richards_SE_26_-_N_2024-10-24_16_39_20_362.mp4,720,701,393,1187,716
crashes/2025-2024-2023/140___NE_20_-_N_2023-06-25_17_44_31_615.mp4,254,913,483,1149,719
crashes/2025-2024-2023/116E_NE_Northup_-_E_2024-10-14_14_21_05_469.mp4,492,438,76,1118,701
crashes/2025-2024-2023/116E_NE_Northup_-_E_2024-10-14_14_21_05_469.mp4,493,436,52,1223,719
crashes/2025-2024-2023/116E_NE_Northup_-_E_2024-10-14_14_21_05_469.mp4,711,528,159,911,442
crashes/2025-2024-2023/148_NE_20_-_W_2023-10-21_15_58_42_523.mp4,167,959,309,1144,561
crashes/2025-2024-2023/Factoria_SE_36_-_N_2024-11-04_16_04_00_978.mp4,95,257,64,504,286
crashes/2025-2024-2023/108_NE_4-_-_Center_2024-10-30_15_28_26_170.mp4,114,2272,520,2591,811
crashes/2025-2024-2023/108_NE_4-_-_Center_2024-10-30_15_28_26_170.mp4,114,2272,520,2591,794
crashes/2025-2024-2023/108_NE_4-_-_Center_2024-10-30_15_28_26_170.mp4,208,1114,190,1491,512
crashes/2025-2024-2023/108_NE_4-_-_Center_2024-10-30_15_28_26_170.mp4,238,2275,522,2591,801
crashes/2025-2024-2023/108_NE_4-_-_Center_2024-10-30_15_28_26_170.mp4,270,2272,528,2591,813
crashes/2025-2024-2023/108_NE_4-_-_Center_2024-10-30_15_28_26_170.mp4,323,2274,462,2567,723
crashes/2025-2024-2023/108_NE_4-_-_Center_2024-10-30_15_28_26_170.mp4,391,2278,465,2591,723
crashes/2025-2024-2023/108_NE_4-_-_Center_2024-10-30_15_28_26_170.mp4,647,0,633,313,1025
crashes/2025-2024-2023/112_NE_10-_-_S_2023-10-27_15_55_55_703.mp4,16,0,204,275,600
crashes/2025-2024-2023/Coal_Creek___I-405_SB_Ramp-_-_Center_2024-02-15_12_30_25_519.mp4,157,445,84,694,289
crashes/2025-2024-2023/Factoria_SE_3600Blk_-_Center_2024-07-13_23_29_36_086.mp4,177,33,522,460,767
crashes/2025-2024-2023/Factoria_SE_3600Blk_-_Center_2024-07-13_23_29_36_086.mp4,375,1122,300,1521,594
crashes/2025-2024-2023/112_NE_2_-_Center_-_S_2024-05-28_10_54_24_131.mp4,191,543,422,972,719
crashes/2025-2024-2023/Bel-Way_NE_12_-_Center_2023-12-06_08_12_35_866.mp4,44,974,199,1152,397
crashes/2025-2024-2023/Bel-Way_NE_12_-_Center_2023-12-06_08_12_35_866.mp4,58,768,167,1019,398
crashes/2025-2024-2023/Coal-Creek___119-_-_Center_-_W_2025-02-28_08_08_10_714.mp4,48,402,137,800,719
crashes/2025-2024-2023/Coal-Creek___119-_-_Center_-_W_2025-02-28_08_08_10_714.mp4,72,811,278,1279,719
crashes/2025-2024-2023/Coal-Creek___119-_-_Center_-_W_2025-02-28_08_08_10_714.mp4,115,1134,0,1279,207
crashes/2025-2024-2023/Coal-Creek___119-_-_Center_-_W_2025-02-28_08_08_10_714.mp4,154,1141,0,1279,219
crashes/2025-2024-2023/Coal_Creek_SE_66_-_N_2024-10-03_18_51_59_066.mp4,63,1348,305,1588,530
crashes/2025-2024-2023/Coal_Creek_SE_66_-_N_2024-10-03_18_51_59_066.mp4,73,1382,280,1712,519
crashes/2025-2024-2023/Coal_Creek_SE_66_-_N_2024-10-03_18_51_59_066.mp4,77,1279,285,1718,643
crashes/2025-2024-2023/Coal_Creek_SE_66_-_N_2024-10-03_18_51_59_066.mp4,275,1113,360,1599,719
crashes/2025-2024-2023/Coal_Creek_SE_66_-_N_2024-10-03_18_51_59_066.mp4,377,1613,1218,2327,1773
crashes/2025-2024-2023/Coal_Creek_SE_66_-_N_2024-10-03_18_51_59_066.mp4,395,989,358,1365,570
crashes/2025-2024-2023/Coal_Creek_SE_66_-_N_2024-10-03_18_51_59_066.mp4,395,2202,1617,2591,1943
crashes/2025-2024-2023/Coal_Creek_SE_66_-_N_2024-10-03_18_51_59_066.mp4,398,1085,377,1491,591
crashes/2025-2024-2023/Coal_Creek_SE_66_-_N_2024-10-03_18_51_59_066.mp4,400,1514,302,1750,477
crashes/2025-2024-2023/Coal_Creek_SE_66_-_N_2024-10-03_18_51_59_066.mp4,415,1617,1565,2466,1943
crashes/2025-2024-2023/116_NE_10-_-_Center_2023-06-23_15_25_18_193.mp4,60,412,51,713,238
crashes/2025-2024-2023/132_Bel-Red_-_W_2024-05-22_07_24_01_044.mp4,186,725,189,1010,388
crashes/2025-2024-2023/Lk_Hills_Conn_SE_7-8-_-_Center_-_S_2023-07-26_11_18_13_477.mp4,55,876,90,1110,274
crashes/2025-2024-2023/Lk_Hills_Conn_SE_7-8-_-_Center_-_S_2023-07-26_11_18_13_477.mp4,56,884,100,1148,283
crashes/2025-2024-2023/Lk_Hills_Conn_SE_7-8-_-_Center_-_S_2023-07-26_11_18_13_477.mp4,75,603,329,900,719
crashes/2025-2024-2023/Lk_Hills_Conn_SE_7-8-_-_Center_-_S_2023-07-26_11_18_13_477.mp4,125,964,145,1244,328
crashes/2025-2024-2023/Lk_Hills_Conn_SE_7-8-_-_Center_-_S_2023-07-26_11_18_13_477.mp4,127,708,24,929,187
crashes/2025-2024-2023/Lk_Hills_Conn_SE_7-8-_-_Center_-_S_2023-07-26_11_18_13_477.mp4,127,990,159,1251,338
crashes/2025-2024-2023/156_NE_24_-_Center_-_S_2024-07-31_12_05_15_530.mp4,110,612,67,839,289
crashes/2025-2024-2023/Bel-Way_NE_2_-_S_2024-09-30_20_46_57_395.mp4,92,183,315,547,703
crashes/2025-2024-2023/148_NE_Main_-_N_2024-12-18_18_23_25_605.mp4,257,1876,382,2192,632
crashes/2025-2024-2023/148_NE_8_-_W_2024-06-03_08_37_15_862.mp4,24,1027,183,1241,380
crashes/2025-2024-2023/148_NE_8_-_W_2024-06-03_08_37_15_862.mp4,96,1001,180,1257,406
crashes/2025-2024-2023/Coal_Creek_SE_66_-_N_2024-12-30_09_57_12_343.mp4,89,158,916,1075,1437
crashes/2025-2024-2023/116_NE_12_-_Center_2024-10-22_12_05_02_359.mp4,62,902,559,1205,719
crashes/2025-2024-2023/148_NE_20_-_NE_2023-10-21_15_58_42_523.mp4,110,0,475,163,719
crashes/2025-2024-2023/132_Bel-Red_-_N_2024-05-22_07_24_01_044.mp4,91,167,256,732,536
crashes/2025-2024-2023/132_Bel-Red_-_N_2024-05-22_07_24_01_044.mp4,91,167,259,738,536
crashes/2025-2024-2023/116_NE_12_-_W_2024-12-04_09_32_35_298.mp4,97,0,451,134,719
crashes/2025-2024-2023/148_NE_8_-_E_2024-06-03_08_37_15_862.mp4,99,380,159,739,370
crashes/2025-2024-2023/150_SE_Eastgate_-_E_2024-11-04_17_34_21_443.mp4,304,85,275,317,529
crashes/2025-2024-2023/116_NE_4_-_N_2024-07-09_08_19_25_783.mp4,132,867,364,1168,638
crashes/2025-2024-2023/164___NE_8_-_S_2023-12-21_09_11_55_661.mp4,81,331,369,648,647
crashes/2025-2024-2023/148_SE_28_-_Center_2024-07-29_11_49_37_747.mp4,76,1426,1156,2591,1943
crashes/2025-2024-2023/156_NE_24_-_W_2024-07-31_12_05_15_530.mp4,171,146,159,425,359
crashes/2025-2024-2023/120_Lk_Bellevue_-_S_2024-12-23_12_22_40_303.mp4,46,1674,1482,2331,1943
crashes/2025-2024-2023/105_NE_4_-_E_2023-12-03_18_34_21_099.mp4,231,872,448,1098,647
crashes/2025-2024-2023/164___Northup_-_Center_2023-10-26_14_30_52_771.mp4,160,381,124,738,302
crashes/2025-2024-2023/Richards___Eastgate_-_Center_-_S_2024-01-26_15_09_15_517.mp4,84,493,241,893,469
crashes/2025-2024-2023/Richards___Eastgate_-_Center_-_S_2024-01-26_15_09_15_517.mp4,96,703,244,1083,544
crashes/2025-2024-2023/148_NE_24_-_Center_2024-12-13_07_54_59_443.mp4,94,1433,1080,2525,1943
crashes/2025-2024-2023/148_SE_Lake_Hills_-_S_2024-07-29_18_41_47_570.mp4,820,0,473,307,719
crashes/2025-2024-2023/148_SE_Lake_Hills_-_S_2024-07-29_18_41_47_570.mp4,863,0,468,473,719
crashes/2025-2024-2023/148_SE_Lake_Hills_-_S_2024-07-29_18_41_47_570.mp4,1097,823,144,1053,375
crashes/2025-2024-2023/148_SE_Lake_Hills_-_S_2024-07-29_18_41_47_570.mp4,1293,238,402,560,719
crashes/2025-2024-2023/Bel-Way_NE_24_-_Center_2025-05-02_14_58_42_720.mp4,114,183,201,484,399
crashes/2025-2024-2023/Factoria_SE_38-_-_Center_-N_2023-03-26_14_35_51_432.mp4,1107,737,119,1011,308
crashes/2025-2024-2023/143_NE_Bel-Red_-_S_2025-01-24_11_57_58_152.mp4,106,1611,41,2230,560
crashes/2025-2024-2023/116W_NE_Northup_-_E_2025-01-07_14_00_16_802.mp4,135,755,254,1121,601
crashes/2025-2024-2023/116W_NE_Northup_-_E_2025-01-07_14_00_16_802.mp4,141,733,244,1114,565
crashes/2025-2024-2023/Coal-Creek_124_-_E_2024-06-08_10_41_53_078.mp4,254,135,325,545,719
crashes/2025-2024-2023/156_NE_13-_-_Center_-_S_2024-10-23_22_54_41_408.mp4,168,0,577,491,827
crashes/2025-2024-2023/156_NE_13-_-_Center_-_S_2024-10-23_22_54_41_408.mp4,170,169,553,526,799
crashes/2025-2024-2023/156_NE_13-_-_Center_-_S_2024-10-23_22_54_41_408.mp4,377,0,615,501,958
crashes/2025-2024-2023/156_NE_13-_-_Center_-_S_2024-10-23_22_54_41_408.mp4,542,174,367,1083,699
crashes/2025-2024-2023/116_NE_8_-_W_2024-08-22_15_04_22_022.mp4,236,723,321,1052,529
crashes/2025-2024-2023/116_NE_8_-_W_2024-08-22_15_04_22_022.mp4,421,0,390,171,699
crashes/2025-2024-2023/116_NE_8_-_W_2024-08-22_15_04_22_022.mp4,465,0,409,186,719
crashes/2025-2024-2023/116_NE_8_-_W_2024-08-22_15_04_22_022.mp4,467,255,414,503,664
crashes/2025-2024-2023/Factoria_SE_3600Blk_-_N_2024-07-13_23_29_36_086.mp4,319,873,420,1093,625
crashes/2025-2024-2023/Factoria_SE_3600Blk_-_N_2024-07-13_23_29_36_086.mp4,323,893,459,1092,638
crashes/2025-2024-2023/Factoria_SE_38_-_W_2024-12-19_10_46_37_699.mp4,28,519,20,1081,685
crashes/2025-2024-2023/Factoria_SE_38_-_W_2024-12-19_10_46_37_699.mp4,41,523,18,1245,719
crashes/2025-2024-2023/Coal_Creek_SE_60_-_Center_2025-04-24_14_47_28_078.mp4,136,460,171,889,455
crashes/2025-2024-2023/I-405_NB__NE_4_-_Center_-_N_2024-10-24_19_11_34_071.mp4,33,545,231,923,434
crashes/2025-2024-2023/I-405_NB__NE_4_-_Center_-_N_2024-10-24_19_11_34_071.mp4,37,579,240,963,435
crashes/2025-2024-2023/I-405_NB__NE_4_-_Center_-_N_2024-10-24_19_11_34_071.mp4,162,544,228,976,436
crashes/2025-2024-2023/I-405_NB__NE_4_-_Center_-_N_2024-10-24_19_11_34_071.mp4,163,497,205,961,433
crashes/2025-2024-2023/106_NE_8-_-_N_2023-07-05_07_21_50_503.mp4,223,370,169,661,325
crashes/2025-2024-2023/133_NE_8_-_W_2024-02-02_18_02_37_620.mp4,63,938,186,1284,562
crashes/2025-2024-2023/110_NE_8_-_S_2024-04-04_17_58_42_069.mp4,61,577,527,1024,719
crashes/2025-2024-2023/130_NE_20-_-_E_2023-11-15_09_08_35_606.mp4,245,658,190,1159,437
crashes/2025-2024-2023/112_SE_8-_-_E_2024-02-23_12_43_32_129.mp4,131,180,129,495,306
crashes/2025-2024-2023/156_NE_24_-_W_2024-10-11_10_42_03_628.mp4,15,124,60,829,391
crashes/2025-2024-2023/156_NE_24_-_W_2024-10-11_10_42_03_628.mp4,24,196,60,816,405
crashes/2025-2024-2023/116_NE_4_-_Center_2024-04-27_19_59_18_409.mp4,176,128,282,380,457
crashes/2025-2024-2023/148_SE_28-_-_W_2023-08-04_14_23_45_943.mp4,76,402,83,1004,498
crashes/2025-2024-2023/148_SE_28-_-_W_2023-08-04_14_23_45_943.mp4,85,463,103,1051,589
crashes/2025-2024-2023/01-10-23__148_SE_28__Sideswipe_Metro_Bus.mp4,48,91,190,542,598
crashes/2025-2024-2023/01-10-23__148_SE_28__Sideswipe_Metro_Bus.mp4,100,193,243,672,582
crashes/2025-2024-2023/01-10-23__148_SE_28__Sideswipe_Metro_Bus.mp4,140,369,206,924,558
crashes/2025-2024-2023/110_NE_8_-_S_2024-07-10_13_19_19_821.mp4,11,0,318,227,590
crashes/2025-2024-2023/110_NE_8_-_S_2024-07-10_13_19_19_821.mp4,77,334,114,532,292
crashes/2025-2024-2023/120_NE_6_-_Center_2025-02-21_12_36_43_709.mp4,111,692,443,1012,719
crashes/2025-2024-2023/148_NE_8-_-_E_2024-12-24_12_38_28_310.mp4,17,1045,267,1384,479
crashes/2025-2024-2023/148_NE_8-_-_E_2024-12-24_12_38_28_310.mp4,26,0,1272,910,1943
crashes/2025-2024-2023/148_NE_8-_-_E_2024-12-24_12_38_28_310.mp4,28,807,292,1211,519
crashes/2025-2024-2023/148_NE_8-_-_E_2024-12-24_12_38_28_310.mp4,74,1121,249,1486,463
crashes/2025-2024-2023/148_NE_8-_-_E_2024-12-24_12_38_28_310.mp4,97,1322,262,1549,498
crashes/2025-2024-2023/148_NE_8-_-_E_2024-12-24_12_38_28_310.mp4,110,949,272,1294,506
crashes/2025-2024-2023/148_NE_8-_-_E_2024-12-24_12_38_28_310.mp4,118,1055,264,1377,465
crashes/2025-2024-2023/148_NE_8-_-_E_2024-12-24_12_38_28_310.mp4,118,1007,264,1377,497
crashes/2025-2024-2023/148_NE_8-_-_E_2024-12-24_12_38_28_310.mp4,119,16,460,326,704
crashes/2025-2024-2023/148_NE_8-_-_E_2024-12-24_12_38_28_310.mp4,130,0,1250,958,1943
crashes/2025-2024-2023/156___Bel-Red_-_S_2023-03-14_15_56_50_570.mp4,33,465,188,985,394
crashes/2025-2024-2023/156___Bel-Red_-_S_2023-03-14_15_56_50_570.mp4,109,0,343,311,549
crashes/2025-2024-2023/148_NE_24_-_W_2024-06-25_13_06_00_326.mp4,92,1391,386,1652,575
crashes/2025-2024-2023/148_NE_24_-_W_2024-06-25_13_06_00_326.mp4,134,1150,417,1396,594
crashes/2025-2024-2023/148_NE_24_-_W_2024-06-25_13_06_00_326.mp4,143,971,442,1322,697
crashes/2025-2024-2023/148_NE_24_-_W_2024-06-25_13_06_00_326.mp4,160,1287,402,1577,584
crashes/2025-2024-2023/148_NE_24_-_W_2024-06-25_13_06_00_326.mp4,164,1144,420,1417,587
crashes/2025-2024-2023/148_NE_24_-_W_2024-06-25_13_06_00_326.mp4,202,1128,427,1387,619
crashes/2025-2024-2023/148_NE_24_-_W_2024-06-25_13_06_00_326.mp4,203,1131,412,1381,603
crashes/2025-2024-2023/148_NE_24_-_W_2024-06-25_13_06_00_326.mp4,214,800,478,1177,715
crashes/2025-2024-2023/148_NE_24_-_W_2024-06-25_13_06_00_326.mp4,215,810,459,1229,714
crashes/2025-2024-2023/148_NE_24_-_W_2024-06-25_13_06_00_326.mp4,230,1152,421,1393,607
crashes/2025-2024-2023/148_NE_24_-_W_2024-06-25_13_06_00_326.mp4,231,1181,406,1438,606
crashes/2025-2024-2023/148_NE_24_-_W_2024-06-25_13_06_00_326.mp4,241,1229,414,1509,598
crashes/2025-2024-2023/148_NE_24_-_W_2024-06-25_13_06_00_326.mp4,260,1230,394,1452,589
crashes/2025-2024-2023/148_NE_24_-_W_2024-06-25_13_06_00_326.mp4,265,1295,387,1640,587
crashes/2025-2024-2023/148_NE_24_-_W_2024-06-25_13_06_00_326.mp4,267,1180,418,1446,607
crashes/2025-2024-2023/148_NE_24_-_W_2024-06-25_13_06_00_326.mp4,267,1154,418,1446,587
crashes/2025-2024-2023/148_NE_24_-_W_2024-06-25_13_06_00_326.mp4,268,1148,403,1437,600
crashes/2025-2024-2023/148_NE_24_-_W_2024-06-25_13_06_00_326.mp4,268,1183,403,1437,602
crashes/2025-2024-2023/148_NE_24_-_W_2024-06-25_13_06_00_326.mp4,268,1155,403,1437,577
crashes/2025-2024-2023/148_NE_24_-_W_2024-06-25_13_06_00_326.mp4,277,1183,394,1490,570
crashes/2025-2024-2023/148_NE_24_-_W_2024-06-25_13_06_00_326.mp4,299,1138,418,1501,603
crashes/2025-2024-2023/148_NE_24_-_W_2024-06-25_13_06_00_326.mp4,300,1153,414,1479,569
crashes/2025-2024-2023/148_NE_24_-_W_2024-06-25_13_06_00_326.mp4,304,1150,427,1480,631
crashes/2025-2024-2023/148_NE_24_-_W_2024-06-25_13_06_00_326.mp4,319,1141,423,1438,598
crashes/2025-2024-2023/148_NE_24_-_W_2024-06-25_13_06_00_326.mp4,319,1151,420,1438,596
crashes/2025-2024-2023/148_NE_24_-_W_2024-06-25_13_06_00_326.mp4,523,1289,441,1556,707
crashes/2025-2024-2023/112_NE_4_-_N_2024-04-26_15_05_05_389.mp4,30,797,157,1181,467
crashes/2025-2024-2023/112_NE_4_-_N_2024-04-26_15_05_05_389.mp4,144,1081,297,1645,633
crashes/2025-2024-2023/Bel-Way_NE_10_-_N_2024-10-28_10_00_12_658.mp4,154,842,576,1226,719
crashes/2025-2024-2023/156_Bel-Red_-_S_2024-10-16_15_56_05_930.mp4,149,503,210,1049,704
crashes/2025-2024-2023/156_Bel-Red_-_S_2024-10-16_15_56_05_930.mp4,171,491,236,1059,719
crashes/2025-2024-2023/156_Bel-Red_-_S_2024-10-16_15_56_05_930.mp4,189,563,96,814,391
crashes/2025-2024-2023/156_Bel-Red_-_S_2024-10-16_15_56_05_930.mp4,241,497,109,773,420
crashes/2025-2024-2023/156_Bel-Red_-_S_2024-10-16_15_56_05_930.mp4,291,412,152,839,719
crashes/2025-2024-2023/156_Bel-Red_-_S_2024-10-16_15_56_05_930.mp4,302,508,236,1051,705
crashes/2025-2024-2023/156_Bel-Red_-_S_2024-10-16_15_56_05_930.mp4,309,540,230,1071,719
crashes/2025-2024-2023/156_Bel-Red_-_S_2024-10-16_15_56_05_930.mp4,431,636,235,1038,719
crashes/2025-2024-2023/148_Bel-Red_-_Center_2025-01-28_09_53_05_772.mp4,57,113,304,375,564
crashes/2025-2024-2023/148_Bel-Red_-_Center_2025-01-28_09_53_05_772.mp4,712,622,153,824,319
crashes/2025-2024-2023/148_NE_20_-_Center_2024-04-11_13_00_06_352.mp4,115,775,339,1028,501
crashes/2025-2024-2023/Richards_Lk_Hill_Conn_-_SE_2025-03-18_11_36_20_685.mp4,320,813,693,1253,1334
crashes/2025-2024-2023/120_NE_12_-_Center_2024-12-13_11_58_55_167.mp4,90,2021,1043,2459,1651
crashes/2025-2024-2023/120_NE_12_-_Center_2024-12-13_11_58_55_167.mp4,138,2014,1006,2420,1535
crashes/2025-2024-2023/120_NE_12_-_Center_2024-12-13_11_58_55_167.mp4,155,1744,317,2040,571
crashes/2025-2024-2023/156_NE_Main_-_Center_2024-11-04_07_48_10_340.mp4,26,1439,761,1998,1347
crashes/2025-2024-2023/156_NE_Main_-_Center_2024-11-04_07_48_10_340.mp4,34,1169,539,1661,975
crashes/2025-2024-2023/Factoria___Newport-_-_S_2023-01-18_14_08_06_896.mp4,56,541,208,1278,636
crashes/2025-2024-2023/Factoria___Newport-_-_S_2023-01-18_14_08_06_896.mp4,65,523,375,1185,1074
crashes/2025-2024-2023/Factoria___Newport-_-_S_2023-01-18_14_08_06_896.mp4,74,529,209,1087,836
crashes/2025-2024-2023/Factoria___Newport-_-_S_2023-01-18_14_08_06_896.mp4,78,477,467,1178,1070
crashes/2025-2024-2023/Factoria___Newport-_-_S_2023-01-18_14_08_06_896.mp4,79,478,452,1056,845
crashes/2025-2024-2023/143_NE_Bel-Red_-_E_2024-04-04_16_57_10_747.mp4,19,1676,115,2110,485
crashes/2025-2024-2023/143_NE_Bel-Red_-_E_2024-04-04_16_57_10_747.mp4,20,1680,138,2095,474
crashes/2025-2024-2023/143_NE_Bel-Red_-_E_2024-04-04_16_57_10_747.mp4,92,1659,86,2040,440
crashes/2025-2024-2023/143_NE_Bel-Red_-_E_2024-04-04_16_57_10_747.mp4,102,1656,121,2142,548
crashes/2025-2024-2023/143_NE_Bel-Red_-_E_2024-04-04_16_57_10_747.mp4,174,1498,10,1760,379
crashes/2025-2024-2023/143_NE_Bel-Red_-_E_2024-04-04_16_57_10_747.mp4,202,1679,79,2130,526
crashes/2025-2024-2023/143_NE_Bel-Red_-_E_2024-04-04_16_57_10_747.mp4,207,1692,170,2060,449
crashes/2025-2024-2023/143_NE_Bel-Red_-_E_2024-04-04_16_57_10_747.mp4,237,1695,149,2072,471
crashes/2025-2024-2023/143_NE_Bel-Red_-_E_2024-04-04_16_57_10_747.mp4,237,1695,177,2092,478
crashes/2025-2024-2023/143_NE_Bel-Red_-_E_2024-04-04_16_57_10_747.mp4,283,1709,162,2114,503
crashes/2025-2024-2023/143_NE_Bel-Red_-_E_2024-04-04_16_57_10_747.mp4,373,1683,153,2012,525
crashes/2025-2024-2023/143_NE_Bel-Red_-_E_2024-04-04_16_57_10_747.mp4,469,1673,169,2023,594
crashes/2025-2024-2023/143_NE_Bel-Red_-_E_2024-04-04_16_57_10_747.mp4,490,1654,135,2015,526
crashes/2025-2024-2023/108_NE_Northup_-_S_2024-07-03_10_03_50_451.mp4,199,411,225,861,608
crashes/2025-2024-2023/Richards_Eastgate_-_Center_-_S_2024-10-30_14_21_24_851.mp4,155,804,171,1096,361
crashes/2025-2024-2023/148_SE_28-_-_Center_2024-03-17_19_10_39_016.mp4,209,1545,769,2203,1087
crashes/2025-2024-2023/148_SE_28-_-_Center_2024-03-17_19_10_39_016.mp4,219,47,575,349,770
crashes/2025-2024-2023/148_SE_28-_-_Center_2024-03-17_19_10_39_016.mp4,378,1388,238,1646,429
crashes/2025-2024-2023/148_SE_28-_-_Center_2024-03-17_19_10_39_016.mp4,379,1393,228,1644,416
crashes/2025-2024-2023/148_SE_28-_-_Center_2024-03-17_19_10_39_016.mp4,659,1495,714,1978,1043
crashes/2025-2024-2023/148_SE_28-_-_Center_2024-03-17_19_10_39_016.mp4,946,1497,715,1985,1048
crashes/2025-2024-2023/148_SE_28-_-_Center_2024-03-17_19_10_39_016.mp4,1480,0,581,294,774
crashes/2025-2024-2023/148_SE_28-_-_Center_2024-03-17_19_10_39_016.mp4,1534,1259,409,2353,814
crashes/2025-2024-2023/148_SE_28-_-_Center_2024-03-17_19_10_39_016.mp4,1537,1300,403,2333,820
crashes/2025-2024-2023/148_SE_28-_-_Center_2024-03-17_19_10_39_016.mp4,1582,123,401,789,761
crashes/2025-2024-2023/148_SE_28-_-_Center_2024-03-17_19_10_39_016.mp4,1691,0,603,195,777
crashes/2025-2024-2023/148_SE_28-_-_Center_2024-03-17_19_10_39_016.mp4,2212,0,564,162,755
crashes/2025-2024-2023/148_SE_28-_-_Center_2024-03-17_19_10_39_016.mp4,2220,14,556,271,747
crashes/2025-2024-2023/148_SE_28-_-_Center_2024-03-17_19_10_39_016.mp4,4128,1512,546,1927,845
crashes/2025-2024-2023/148_SE_28-_-_Center_2024-03-17_19_10_39_016.mp4,4167,1921,613,2289,898
crashes/2025-2024-2023/148_SE_28-_-_Center_2024-03-17_19_10_39_016.mp4,4177,1908,609,2257,882
crashes/2025-2024-2023/148_SE_28-_-_Center_2024-03-17_19_10_39_016.mp4,4262,1886,599,2252,892
crashes/2025-2024-2023/Coal_Creek_Forest_-_S_2024-04-16_06_33_19_656.mp4,108,2137,1249,2591,1908
crashes/2025-2024-2023/Coal_Creek_Forest_-_S_2024-04-16_06_33_19_656.mp4,108,2104,1249,2591,1943
crashes/2025-2024-2023/116W_NE_Northup-_-_S_2023-06-27_15_39_30_286.mp4,82,141,272,398,422
crashes/2025-2024-2023/116W_NE_Northup-_-_S_2023-06-27_15_39_30_286.mp4,85,121,270,394,423
crashes/2025-2024-2023/120_NE_12_-_W_2024-12-13_11_58_55_167.mp4,69,1476,1114,2099,1566
crashes/2025-2024-2023/108_NE_8-_-_W_2023-12-03_16_19_38_749.mp4,126,575,0,804,179
crashes/2025-2024-2023/108_NE_8-_-_W_2023-12-03_16_19_38_749.mp4,331,18,189,440,452
crashes/2025-2024-2023/108_NE_8-_-_W_2023-12-03_16_19_38_749.mp4,386,695,0,887,125
crashes/2025-2024-2023/Coal-Creek_119_-_W_2024-09-14_15_05_48_282.mp4,1365,865,241,1065,412
crashes/2025-2024-2023/112_NE_10_-_S_2024-07-14_17_42_46_525.mp4,228,1546,783,2233,1164
crashes/2025-2024-2023/148_SE_Lake_Hills_-_E_2024-08-13_10_31_32_199.mp4,15,451,81,679,304
crashes/2025-2024-2023/Bel-Way_NE_10_-_Center_2024-10-28_10_00_12_658.mp4,444,159,428,410,681
crashes/2025-2024-2023/148_NE_20_-_S_2024-11-15_20_42_16_994.mp4,241,228,235,567,535
crashes/2025-2024-2023/148_NE_20_-_S_2024-11-15_20_42_16_994.mp4,250,260,236,565,527
crashes/2025-2024-2023/148_NE_20_-_S_2024-11-15_20_42_16_994.mp4,282,253,88,988,590
crashes/2025-2024-2023/148_NE_20_-_S_2024-11-15_20_42_16_994.mp4,368,229,265,539,538
crashes/2025-2024-2023/148_NE_20_-_S_2024-11-15_20_42_16_994.mp4,375,238,100,968,594
crashes/2025-2024-2023/148_NE_20_-_S_2024-11-15_20_42_16_994.mp4,419,240,308,497,533
crashes/2025-2024-2023/148_NE_20_-_S_2024-11-15_20_42_16_994.mp4,422,258,232,577,527
crashes/2025-2024-2023/148_NE_20_-_S_2024-11-15_20_42_16_994.mp4,433,177,242,547,558
crashes/2025-2024-2023/Bel-Red___NE_20_-_E_2024-01-18_20_40_40_749.mp4,128,84,263,476,551
crashes/2025-2024-2023/Coal-Creek_I-405_SB_Ramp_-_E_2024-09-12_10_02_27_538.mp4,130,1361,89,2025,434
crashes/2025-2024-2023/Coal-Creek_I-405_SB_Ramp_-_E_2024-09-12_10_02_27_538.mp4,205,157,138,865,555
crashes/2025-2024-2023/Coal-Creek_I-405_SB_Ramp_-_E_2024-09-12_10_02_27_538.mp4,306,199,147,699,566
crashes/2025-2024-2023/Coal-Creek_I-405_SB_Ramp_-_E_2024-09-12_10_02_27_538.mp4,321,1363,89,2024,445
crashes/2025-2024-2023/148_NE_24_-_E_2024-06-25_13_06_00_326.mp4,262,900,131,1243,403
crashes/2025-2024-2023/148_NE_24_-_E_2024-06-25_13_06_00_326.mp4,300,1004,139,1255,412
crashes/2025-2024-2023/148_NE_24_-_E_2024-06-25_13_06_00_326.mp4,418,0,1596,876,1943
crashes/2025-2024-2023/148_NE_24_-_E_2024-06-25_13_06_00_326.mp4,480,1289,216,1745,483
crashes/2025-2024-2023/156_NE_8_-_N_2024-08-07_13_52_59_610.mp4,32,1497,293,2498,810
crashes/2025-2024-2023/110_NE_4_-_E_2024-10-21_13_48_47_112.mp4,129,324,227,607,488
crashes/2025-2024-2023/Coal_Creek_SE_66_-_N_2024-04-18_09_06_53_434.mp4,132,1587,336,1934,566
crashes/2025-2024-2023/Bel-Way_NE_12_-_S_2025-06-09_07_51_52_088.mp4,11,1087,316,1279,719
crashes/2025-2024-2023/150_SE_38_-_N_2025-01-31_18_44_40_788.mp4,14,1321,533,1655,752
crashes/2025-2024-2023/150_SE_38_-_N_2025-01-31_18_44_40_788.mp4,14,1327,533,1673,793
crashes/2025-2024-2023/150_SE_38_-_N_2025-01-31_18_44_40_788.mp4,99,2150,346,2555,760
crashes/2025-2024-2023/150_SE_38_-_N_2025-01-31_18_44_40_788.mp4,105,1317,537,1656,750
crashes/2025-2024-2023/150_SE_38_-_N_2025-01-31_18_44_40_788.mp4,169,976,701,1578,1012
crashes/2025-2024-2023/150_SE_38_-_N_2025-01-31_18_44_40_788.mp4,171,1216,716,1829,1115
crashes/2025-2024-2023/150_SE_38_-_N_2025-01-31_18_44_40_788.mp4,266,1079,582,1549,869
crashes/2025-2024-2023/150_SE_38_-_N_2025-01-31_18_44_40_788.mp4,268,0,1066,443,1366
crashes/2025-2024-2023/Bel-Way_P_R_Central_Access_-_Center_-_S_2024-10-01_21_59_27_515.mp4,256,849,242,1059,438
crashes/2025-2024-2023/112_SE_6-_-_E_2023-03-02_12_06_30_310.mp4,38,1166,648,2591,1446
crashes/2025-2024-2023/112_SE_6-_-_E_2023-03-02_12_06_30_310.mp4,96,0,1316,1059,1881
crashes/2025-2024-2023/112_SE_6-_-_E_2023-03-02_12_06_30_310.mp4,187,727,616,2562,1383
crashes/2025-2024-2023/Factoria_SE_38-_-_Center_-N_2023-03-26_14_35_51_432__2_.mp4,1107,737,119,1011,308
crashes/2025-2024-2023/156_NE_8_-_E_2024-08-07_13_52_59_610.mp4,103,1398,721,1942,992
crashes/2025-2024-2023/112_NE_2_-_W_2024-07-18_10_49_00_915.mp4,157,83,368,665,676
crashes/2025-2024-2023/108_NE_8_-_Center_2025-02-01_19_38_13_288.mp4,220,49,570,697,975
crashes/2025-2024-2023/108_NE_8_-_Center_2025-02-01_19_38_13_288.mp4,222,61,564,717,960
crashes/2025-2024-2023/108_NE_8_-_Center_2025-02-01_19_38_13_288.mp4,225,1862,431,2432,756
crashes/2025-2024-2023/108_NE_8_-_Center_2025-02-01_19_38_13_288.mp4,229,46,624,785,962
crashes/2025-2024-2023/108_NE_8_-_Center_2025-02-01_19_38_13_288.mp4,235,306,594,679,852
crashes/2025-2024-2023/108_NE_8_-_Center_2025-02-01_19_38_13_288.mp4,289,0,670,444,907
crashes/2025-2024-2023/148_NE_Main-_-_Center_2023-12-05_11_42_50_216.mp4,163,99,263,383,582
crashes/2025-2024-2023/100_NE_Main_-_W_2024-03-01_15_17_51_801.mp4,67,326,177,582,424
crashes/2025-2024-2023/100_NE_Main_-_W_2024-03-01_15_17_51_801.mp4,67,326,177,548,370
crashes/2025-2024-2023/Bel-Way_NE_24_-_E_2024-03-03_11_02_17_574.mp4,1214,853,281,1109,615
crashes/2025-2024-2023/Bel-Way___Wolverine_Way_-_N_2024-02-29_17_00_54_751.mp4,120,397,204,663,453
crashes/2025-2024-2023/Coal-Creek___119-_-_Center_2024-03-29_07_31_09_680.mp4,152,806,451,1254,719
crashes/2025-2024-2023/161_SE_Eastgate_-_S_2024-01-10_17_32_02_174.mp4,123,674,329,1135,570
crashes/2025-2024-2023/150_SE_37_-_Center_2024-11-14_09_21_12_844.mp4,137,1094,486,1279,709
crashes/2025-2024-2023/Coal_Creek_SE_60_-_S_2024-06-21_15_13_36_055.mp4,119,566,79,910,348
crashes/2025-2024-2023/Coal_Creek_SE_60_-_S_2024-06-21_15_13_36_055.mp4,141,625,64,940,451
crashes/2025-2024-2023/Coal-Creek_Factoria_-_Center_-_N_2024-08-29_09_36_08_604.mp4,89,359,111,578,279
crashes/2025-2024-2023/156_NE_Main_-_Center_2024-02-06_16_14_00_585.mp4,65,660,197,960,506
crashes/2025-2024-2023/156_NE_Main_-_Center_2024-02-06_16_14_00_585.mp4,311,12,412,701,719
crashes/2025-2024-2023/156_NE_Main_-_Center_2024-02-06_16_14_00_585.mp4,328,1099,260,1279,491
crashes/2025-2024-2023/148_NE_8-_-_W_2024-12-24_12_38_28_310.mp4,35,1396,542,1808,795
crashes/2025-2024-2023/148_NE_8-_-_W_2024-12-24_12_38_28_310.mp4,155,1394,515,1829,802
crashes/2025-2024-2023/148_SE_Lake_Hills_-_E_2024-07-29_18_41_47_570.mp4,810,104,190,491,588
crashes/2025-2024-2023/148_SE_Lake_Hills_-_E_2024-07-29_18_41_47_570.mp4,887,328,219,626,439
crashes/2025-2024-2023/148_SE_Lake_Hills_-_E_2024-07-29_18_41_47_570.mp4,1330,718,448,1095,719
crashes/2025-2024-2023/148_SE_Lake_Hills_-_E_2024-07-29_18_41_47_570.mp4,1339,650,353,1071,719
crashes/2025-2024-2023/148_SE_Lake_Hills_-_E_2024-07-29_18_41_47_570.mp4,1339,650,353,1071,719
crashes/2025-2024-2023/I-405_NB__SE_8_-_NE_2024-04-30_11_43_24_921.mp4,463,17,315,327,598
crashes/2025-2024-2023/Bel-Way_NE_7_-_N_2024-11-16_15_24_46_696.mp4,74,877,273,1196,501
crashes/2025-2024-2023/148___NE_24_-_S_2023-01-23_13_40_47_414.mp4,16,596,369,1108,719
crashes/2025-2024-2023/I-405_SB__SE_8-_-_Center_2024-01-08_17_39_16_829.mp4,187,1025,102,1279,495
crashes/2025-2024-2023/I-405_SB__SE_8-_-_Center_2024-01-08_17_39_16_829.mp4,203,729,73,1044,295
crashes/2025-2024-2023/Factoria_SE_38-_-_S_2023-03-26_14_35_51_432.mp4,92,34,289,281,581
crashes/2025-2024-2023/Factoria_SE_38-_-_S_2023-03-26_14_35_51_432.mp4,193,0,385,298,719
crashes/2025-2024-2023/Factoria_SE_38-_-_S_2023-03-26_14_35_51_432.mp4,194,0,223,362,719
crashes/2025-2024-2023/Factoria_SE_38-_-_S_2023-03-26_14_35_51_432.mp4,563,0,260,336,703
crashes/2025-2024-2023/Richards___Eastgate_-_Center_-_S_2024-04-01_17_53_02_655.mp4,149,26,400,401,719
crashes/2025-2024-2023/112_NE_10_-_Center_2024-07-14_17_42_46_525.mp4,115,1521,802,2304,1239
crashes/2025-2024-2023/120_NE_Northup-_-_Center_2024-03-29_17_40_03_523.mp4,71,628,319,874,503
crashes/2025-2024-2023/Lakemont_Village_-_N_2024-04-30_07_28_10_654.mp4,61,1028,469,1287,731
crashes/2025-2024-2023/Coal-Creek_I-405_SB_Ramp_-_Center_2024-09-12_10_02_27_538.mp4,22,1667,166,2569,616
crashes/2025-2024-2023/Coal-Creek_I-405_SB_Ramp_-_Center_2024-09-12_10_02_27_538.mp4,178,1156,423,2129,942
crashes/2025-2024-2023/Bel-Red_NE_24-_-_S_2023-10-21_22_57_00_383.mp4,81,0,289,206,516
crashes/2025-2024-2023/148_NE_8-_-_E_2023-06-05_07_52_50_913.mp4,92,565,60,987,385
crashes/2025-2024-2023/148_NE_8-_-_E_2023-06-05_07_52_50_913.mp4,97,543,95,928,692
crashes/2025-2024-2023/110_NE_10-_-_Center_2024-01-19_18_02_20_541.mp4,144,835,116,1155,489
crashes/2025-2024-2023/110_NE_10-_-_Center_2024-01-19_18_02_20_541.mp4,268,831,264,1143,527
crashes/2025-2024-2023/110_NE_10-_-_Center_2024-01-19_18_02_20_541.mp4,294,838,267,1103,477
crashes/2025-2024-2023/110_NE_10-_-_Center_2024-01-19_18_02_20_541.mp4,352,703,296,987,500
crashes/2025-2024-2023/150___SE_37_-_Center_2023-07-19_16_46_17_532.mp4,39,243,185,568,496
crashes/2025-2024-2023/150___SE_37_-_Center_2023-07-19_16_46_17_532.mp4,419,499,46,728,222
crashes/2025-2024-2023/150___SE_37_-_Center_2023-07-19_16_46_17_532.mp4,502,659,476,1080,719
crashes/2025-2024-2023/150___SE_37_-_Center_2023-07-19_16_46_17_532.mp4,560,684,289,1137,719
crashes/2025-2024-2023/150___SE_37_-_Center_2023-07-19_16_46_17_532.mp4,612,551,165,1049,663
crashes/2025-2024-2023/Coal_Creek_SE_60_-_W_2025-04-24_14_47_28_078.mp4,114,340,103,820,364
crashes/2025-2024-2023/Coal_Creek_SE_66_-_Center_2024-12-30_09_57_12_343.mp4,134,900,884,1848,1331
crashes/2025-2024-2023/106_NE_8-_-_Center_2024-01-04_11_28_49_761.mp4,171,163,281,409,473
crashes/2025-2024-2023/Coal-Creek_124_-_N_2025-01-21_09_52_53_873.mp4,89,102,287,444,623
crashes/2025-2024-2023/Coal-Creek_124_-_N_2025-01-21_09_52_53_873.mp4,91,87,299,382,598
crashes/2025-2024-2023/Coal-Creek_124_-_N_2025-01-21_09_52_53_873.mp4,109,0,304,207,472
crashes/2025-2024-2023/Coal-Creek_124_-_N_2025-01-21_09_52_53_873.mp4,109,0,304,199,516
crashes/2025-2024-2023/Coal-Creek_124_-_N_2025-01-21_09_52_53_873.mp4,112,23,258,204,458
crashes/2025-2024-2023/Bel-Way_SE_8_-_Center_2024-09-11_16_23_00_246.mp4,126,520,180,787,350
crashes/2025-2024-2023/156_NE_13-_-_N_2024-10-23_22_54_41_408.mp4,507,1085,505,1985,1727
crashes/2025-2024-2023/156_NE_Northup_-_N_2024-10-28_17_21_31_512.mp4,48,613,338,1000,645
crashes/2025-2024-2023/156_NE_Northup_-_N_2024-10-28_17_21_31_512.mp4,48,750,338,1000,635
crashes/2025-2024-2023/W_Lk_Samm_I-90_-_S_2024-10-21_15_12_07_102.mp4,97,821,514,1090,753
crashes/2025-2024-2023/I-405_NB__NE_4_-_Center_-_N_2023-12-02_15_18_00_140.mp4,213,523,220,773,413
crashes/2025-2024-2023/I-405_NB__NE_4_-_Center_-_N_2023-12-02_15_18_00_140.mp4,537,624,446,961,719
crashes/2025-2024-2023/148_NE_20_-_Center_2023-10-21_15_58_42_523.mp4,203,502,292,707,492
crashes/2025-2024-2023/132_Bel-Red_-_W_2024-10-29_14_07_28_810.mp4,12,723,146,1125,539
crashes/2025-2024-2023/132_Bel-Red_-_W_2024-10-29_14_07_28_810.mp4,13,715,139,1114,511
crashes/2025-2024-2023/132_Bel-Red_-_W_2024-10-29_14_07_28_810.mp4,46,519,73,729,262
crashes/2025-2024-2023/132_Bel-Red_-_W_2024-10-29_14_07_28_810.mp4,198,704,152,977,399
crashes/2025-2024-2023/132_Bel-Red_-_W_2024-10-29_14_07_28_810.mp4,985,638,96,877,300
crashes/2025-2024-2023/Bel-Way_NE_Main_-_N_2025-03-26_08_04_51_121.mp4,172,0,455,346,713
crashes/2025-2024-2023/150_SE_Newport_Wy_-_Center-_2024-05-17_21_34_22_730.mp4,53,602,133,843,344
crashes/2025-2024-2023/101_NE_8_-_Center_2024-09-12_10_36_22_775.mp4,11,225,1250,1123,1943
crashes/2025-2024-2023/101_NE_8_-_Center_2024-09-12_10_36_22_775.mp4,183,1576,602,2416,1323
crashes/2025-2024-2023/101_NE_8_-_Center_2024-09-12_10_36_22_775.mp4,185,740,308,1158,620
crashes/2025-2024-2023/156___Bel-Red_-_S_2023-06-27_14_35_06_164.mp4,106,474,155,816,432
crashes/2025-2024-2023/108_SR520_EB__-_N_2023-06-30_13_10_58_421.mp4,142,362,213,883,719
crashes/2025-2024-2023/Richards_Lk_Hill_Conn_-_NW_2025-03-18_11_36_20_685.mp4,257,428,1021,1142,1943
crashes/2025-2024-2023/Lk_Hills_Conn_SE_7-8-_-_W_2024-03-28_15_05_49_904.mp4,116,382,92,786,279
crashes/2025-2024-2023/Coal-Creek___119-_-_N_2025-02-28_08_08_10_714.mp4,49,280,96,898,634
crashes/2025-2024-2023/Coal-Creek___119-_-_N_2025-02-28_08_08_10_714.mp4,79,1001,184,1279,476
crashes/2025-2024-2023/Coal-Creek___119-_-_N_2025-02-28_08_08_10_714.mp4,195,681,160,1058,420
crashes/2025-2024-2023/108_NE_Northup_-_Center_2025-06-25_07_36_18_781.mp4,110,810,203,1045,396
crashes/2025-2024-2023/108_NE_Northup_-_Center_2025-06-25_07_36_18_781.mp4,115,815,228,1051,449
crashes/2025-2024-2023/108_NE_Northup_-_Center_2025-06-25_07_36_18_781.mp4,116,807,208,1045,446
crashes/2025-2024-2023/148_NE_20_-_W_2024-11-15_20_42_16_994.mp4,74,649,254,910,510
crashes/2025-2024-2023/148_NE_20_-_W_2024-11-15_20_42_16_994.mp4,78,548,188,898,432
crashes/2025-2024-2023/148_NE_20_-_W_2024-11-15_20_42_16_994.mp4,80,567,170,870,413
crashes/2025-2024-2023/148_NE_20_-_W_2024-11-15_20_42_16_994.mp4,263,648,224,912,407
crashes/2025-2024-2023/148_SE_16_-_Center_2024-03-04_16_55_36_306.mp4,55,610,0,868,179
crashes/2025-2024-2023/148_SE_16_-_Center_2024-03-04_16_55_36_306.mp4,271,1001,501,1252,719
crashes/2025-2024-2023/148_SE_16_-_Center_2024-03-04_16_55_36_306.mp4,498,1044,533,1279,719
crashes/2025-2024-2023/148_SE_16_-_Center_2024-03-04_16_55_36_306.mp4,636,1054,553,1279,719
crashes/2025-2024-2023/148_SE_16_-_Center_2024-03-04_16_55_36_306.mp4,636,1053,559,1279,719
crashes/2025-2024-2023/148_SE_16_-_Center_2024-03-04_16_55_36_306.mp4,636,359,76,830,441
crashes/2025-2024-2023/148_SE_16_-_Center_2024-03-04_16_55_36_306.mp4,637,919,501,1233,719
crashes/2025-2024-2023/148_SE_16_-_Center_2024-03-04_16_55_36_306.mp4,637,348,89,820,444
crashes/2025-2024-2023/101_NE_8_-_E_2024-09-12_10_36_22_775.mp4,174,945,878,2126,1943
crashes/2025-2024-2023/101_NE_8_-_E_2024-09-12_10_36_22_775.mp4,178,1066,740,2009,1741
crashes/2025-2024-2023/116W_NE_Northup_-_W_2024-11-05_10_56_08_346.mp4,124,149,95,1110,719
crashes/2025-2024-2023/148_NE_20_-_Center_2024-11-15_20_42_16_994.mp4,201,998,294,1175,457
crashes/2025-2024-2023/Bel-Way_NE_12_-_E_2025-06-09_07_51_52_088.mp4,128,53,165,338,349
crashes/2025-2024-2023/120_NE_12-_-_E_2023-02-22_15_54_21_025.mp4,21,203,358,566,698
crashes/2025-2024-2023/120_NE_12-_-_E_2023-02-22_15_54_21_025.mp4,25,287,414,814,719
crashes/2025-2024-2023/116_NE_8_-_E_2024-08-09_13_57_50_639.mp4,24,559,130,796,290
crashes/2025-2024-2023/116_NE_8_-_E_2024-08-09_13_57_50_639.mp4,43,698,172,936,332
crashes/2025-2024-2023/156_NE_Northup_-_Center_2024-09-11_21_48_57_816.mp4,302,1170,761,1832,1085
crashes/2025-2024-2023/156_NE_Northup_-_Center_2024-09-11_21_48_57_816.mp4,453,2025,1473,2591,1943
crashes/2025-2024-2023/156_NE_Northup_-_Center_2024-09-11_21_48_57_816.mp4,489,2081,585,2591,1049
crashes/2025-2024-2023/156_NE_Northup_-_Center_2024-09-11_21_48_57_816.mp4,493,1992,1241,2585,1913
crashes/2025-2024-2023/Bel-Way_NE_2_-_Center_2025-04-25_12_33_10_638.mp4,97,691,245,975,487
crashes/2025-2024-2023/120_NE_12_-_Center_2024-06-01_21_02_45_873.mp4,18,2316,1188,2591,1631
crashes/2025-2024-2023/120_NE_12_-_Center_2024-06-01_21_02_45_873.mp4,20,2318,961,2591,1475
crashes/2025-2024-2023/120_NE_12_-_Center_2024-06-01_21_02_45_873.mp4,97,2043,1154,2409,1601
crashes/2025-2024-2023/120_NE_12_-_Center_2024-06-01_21_02_45_873.mp4,115,2242,840,2591,1214
crashes/2025-2024-2023/156_NE_13-_-_E_2024-10-23_22_54_41_408.mp4,360,1125,535,1507,779
crashes/2025-2024-2023/156_NE_13-_-_E_2024-10-23_22_54_41_408.mp4,599,1317,485,2098,880
crashes/2025-2024-2023/156_NE_13-_-_E_2024-10-23_22_54_41_408.mp4,605,1249,500,1989,888
crashes/2025-2024-2023/Coal-Creek_Factoria_-_Center_-_N_2024-05-16_07_52_30_194.mp4,105,1060,379,1279,664
crashes/2025-2024-2023/Coal-Creek_Factoria_-_Center_-_N_2024-05-16_07_52_30_194.mp4,157,651,197,936,417
crashes/2025-2024-2023/156_NE_Northup_-_W_2024-09-09_20_34_37_006.mp4,191,601,902,1125,1347
crashes/2025-2024-2023/156_NE_Northup_-_W_2024-09-09_20_34_37_006.mp4,251,605,909,1127,1351
crashes/2025-2024-2023/156_NE_Northup_-_W_2024-09-09_20_34_37_006.mp4,260,36,725,1511,1876
crashes/2025-2024-2023/156_NE_Northup_-_W_2024-09-09_20_34_37_006.mp4,315,344,715,1091,1277
crashes/2025-2024-2023/156_NE_Northup_-_W_2024-09-09_20_34_37_006.mp4,319,324,731,725,1249
crashes/2025-2024-2023/156_NE_Northup_-_W_2024-09-09_20_34_37_006.mp4,320,307,738,1130,1353
crashes/2025-2024-2023/Factoria___SE_36_-_N_2024-02-04_15_40_14_587.mp4,50,803,312,1255,623
crashes/2025-2024-2023/Factoria___SE_36_-_N_2024-02-04_15_40_14_587.mp4,50,722,258,1279,719
crashes/2025-2024-2023/Factoria___SE_36_-_N_2024-02-04_15_40_14_587.mp4,83,411,59,723,228
crashes/2025-2024-2023/Factoria___SE_36_-_N_2024-02-04_15_40_14_587.mp4,88,484,41,702,195
crashes/2025-2024-2023/Coal_Creek_SE_66_-_Center_2024-10-03_18_51_59_066.mp4,86,2102,648,2591,962
crashes/2025-2024-2023/Coal_Creek_SE_66_-_Center_2024-10-03_18_51_59_066.mp4,87,2110,627,2591,955
crashes/2025-2024-2023/Coal_Creek_SE_66_-_Center_2024-10-03_18_51_59_066.mp4,176,2087,671,2582,972
crashes/2025-2024-2023/Coal_Creek_SE_66_-_Center_2024-10-03_18_51_59_066.mp4,317,2085,552,2372,797
crashes/2025-2024-2023/Coal_Creek_SE_66_-_Center_2024-10-03_18_51_59_066.mp4,391,2083,616,2428,867
crashes/2025-2024-2023/148_NE_8-_-_S_2023-06-05_07_52_50_913.mp4,54,491,113,733,293
crashes/2025-2024-2023/148_NE_20_-_NE_2024-11-15_20_42_16_994.mp4,428,650,280,876,515
crashes/2025-2024-2023/120_Lk_Bellevue_-_Center_2024-12-23_12_22_40_303.mp4,14,1095,1093,2180,1943
crashes/2025-2024-2023/106_NE_8_-_E_2025-03-17_15_33_29_659.mp4,141,516,74,784,271
crashes/2025-2024-2023/158_NE_8_-_N_2024-06-25_12_55_21_259.mp4,162,513,246,769,508
crashes/2025-2024-2023/164___NE_8_-_S_2023-03-20_13_51_14_364.mp4,16,746,581,1075,719
crashes/2025-2024-2023/Bel-Way_NE_7_-_E_2024-11-16_15_24_46_696.mp4,42,1715,304,2036,584
crashes/2025-2024-2023/150___SE_38_-_W-_2023-05-12_13_44_47_419.mp4,552,718,184,928,353
crashes/2025-2024-2023/150___SE_38_-_W-_2023-05-12_13_44_47_419.mp4,552,718,184,963,393
crashes/2025-2024-2023/150___SE_38_-_W-_2023-05-12_13_44_47_419.mp4,553,720,189,929,379
crashes/2025-2024-2023/Bel-Way_SE_10_-_Center_2024-03-26_08_49_58_976.mp4,284,21,447,251,630
crashes/2025-2024-2023/150_SE_37_-_W_2024-11-14_09_21_12_844.mp4,115,592,197,890,395
crashes/2025-2024-2023/Bel-Way_NE_Main-_-_Center_2023-06-10_11_14_23_814.mp4,53,316,56,622,241
crashes/2025-2024-2023/Factoria_SE_3600Blk_-_W_2024-07-13_23_29_36_086.mp4,124,564,617,1109,1058
crashes/2025-2024-2023/Factoria_SE_3600Blk_-_W_2024-07-13_23_29_36_086.mp4,201,1740,291,2331,731
crashes/2025-2024-2023/Factoria_SE_3600Blk_-_W_2024-07-13_23_29_36_086.mp4,375,1773,214,2045,476
crashes/2025-2024-2023/Factoria_SE_36_-_N_2025-02-05_15_50_02_464.mp4,100,963,248,1216,492
crashes/2025-2024-2023/Factoria_SE_36_-_N_2025-02-05_15_50_02_464.mp4,102,938,254,1201,485
crashes/2025-2024-2023/Factoria_SE_36_-_N_2025-02-05_15_50_02_464.mp4,149,170,93,387,277
crashes/2025-2024-2023/150_SE_38_-_S_2024-11-08_18_33_17_305.mp4,101,57,1314,592,1718
crashes/2025-2024-2023/150_SE_38_-_S_2024-11-08_18_33_17_305.mp4,103,216,1400,695,1725
crashes/2025-2024-2023/150_SE_38_-_S_2024-11-08_18_33_17_305.mp4,156,987,381,1398,629
crashes/2025-2024-2023/150_SE_38_-_S_2024-11-08_18_33_17_305.mp4,190,988,412,1426,618
crashes/2025-2024-2023/150_SE_38_-_S_2024-11-08_18_33_17_305.mp4,339,881,420,1245,677
crashes/2025-2024-2023/150_SE_38_-_S_2024-11-08_18_33_17_305.mp4,349,594,106,1133,476
crashes/2025-2024-2023/150_SE_38_-_S_2024-11-08_18_33_17_305.mp4,558,56,1284,731,1716
crashes/2025-2024-2023/150_SE_38_-_S_2024-11-08_18_33_17_305.mp4,632,0,1112,342,1635
crashes/2025-2024-2023/112_NE_4_-_Center_2025-06-16_11_34_34_202.mp4,64,2145,632,2415,848
crashes/2025-2024-2023/148_SE_28_-_S_2024-07-29_11_49_37_747.mp4,61,660,735,1825,1943
crashes/2025-2024-2023/Factoria___SE_40_-_Center_2023-06-21_12_29_42_959.mp4,100,188,135,422,284
crashes/2025-2024-2023/105_NE_4_-_Center_2024-08-23_22_20_39_672.mp4,158,645,279,920,510
crashes/2025-2024-2023/105_NE_4_-_Center_2024-08-23_22_20_39_672.mp4,159,658,290,941,516
crashes/2025-2024-2023/156_NE_Northup_-_S_2025-05-28_07_38_45_865.mp4,6,1703,1103,2231,1603
crashes/2025-2024-2023/156_NE_Northup_-_S_2025-05-28_07_38_45_865.mp4,25,1537,981,2110,1556
crashes/2025-2024-2023/156_NE_Northup_-_S_2025-05-28_07_38_45_865.mp4,26,1580,981,2043,1324
crashes/2025-2024-2023/124_NE_Northup_-_W_2024-11-15_22_26_10_025.mp4,43,1036,247,1279,529
crashes/2025-2024-2023/124_NE_Northup_-_W_2024-11-15_22_26_10_025.mp4,200,1097,301,1279,489
crashes/2025-2024-2023/156_Bel-Red_-_E_2024-10-16_15_56_05_930.mp4,547,211,408,577,719
crashes/2025-2024-2023/156_Bel-Red_-_E_2024-10-16_15_56_05_930.mp4,647,1042,376,1279,592
crashes/2025-2024-2023/Bel-Way_NE_2_-_Center_2024-09-30_20_46_57_395.mp4,93,513,351,989,608
crashes/2025-2024-2023/01-12-23__156_Northup__FYA.mp4,46,0,224,335,562
crashes/2025-2024-2023/01-12-23__156_Northup__FYA.mp4,91,800,115,1049,267
crashes/2025-2024-2023/01-12-23__156_Northup__FYA.mp4,117,797,102,1069,266
crashes/2025-2024-2023/01-12-23__156_Northup__FYA.mp4,132,810,103,1037,264
crashes/2025-2024-2023/01-12-23__156_Northup__FYA.mp4,233,669,178,920,405
crashes/2025-2024-2023/Coal-Creek_Factoria-_NE_2024-08-29_09_36_08_604.mp4,50,42,288,250,521
crashes/2025-2024-2023/Coal-Creek_Factoria-_NE_2024-08-29_09_36_08_604.mp4,119,798,238,1077,421
crashes/2025-2024-2023/Coal_Creek_SE_60_-_Center_2024-10-30_13_07_40_510.mp4,142,164,123,356,301
crashes/2025-2024-2023/156_NE_8_-_W_2024-08-07_13_52_59_610.mp4,101,543,566,1144,1088
crashes/2025-2024-2023/140_NE_8-_-_N_2023-04-18_11_48_15_319.mp4,115,197,186,511,402
crashes/2025-2024-2023/150_SE_Eastgate_-_Center_2024-01-25_17_36_00_406.mp4,97,819,359,1225,597
crashes/2025-2024-2023/150_SE_Eastgate_-_Center_2024-01-25_17_36_00_406.mp4,101,828,358,1196,597
crashes/2025-2024-2023/150_SE_Eastgate_-_Center_2024-01-25_17_36_00_406.mp4,144,528,292,815,538
crashes/2025-2024-2023/156_NE_13-_-_W_2024-10-23_22_54_41_408.mp4,289,103,469,619,845
crashes/2025-2024-2023/116_NE_12_-_N_2025-01-14_08_14_35_822.mp4,130,0,420,239,694
crashes/2025-2024-2023/120_Lk_Bellevue_-_E_2024-12-23_12_22_40_303.mp4,155,1013,330,1558,669
crashes/2025-2024-2023/120_NE_12_-_E_2024-06-01_21_02_45_873.mp4,20,0,871,429,1242
crashes/2025-2024-2023/120_NE_12_-_E_2024-06-01_21_02_45_873.mp4,20,0,850,368,1180
crashes/2025-2024-2023/Coal-Creek_124_-_Center_2025-01-21_09_52_53_873.mp4,127,397,2,639,174
crashes/2025-2024-2023/Coal-Creek_124_-_Center_2025-01-21_09_52_53_873.mp4,131,417,0,628,167
crashes/2025-2024-2023/158_NE_8_-_W_2024-04-02_09_13_57_448.mp4,82,0,428,292,640
crashes/2025-2024-2023/Coal-Creek_Factoria_-_Center_-_N_2024-10-30_14_12_02_530.mp4,72,976,319,1278,652
crashes/2025-2024-2023/Coal-Creek_Factoria_-_Center_-_N_2024-10-30_14_12_02_530.mp4,158,908,268,1122,483
crashes/2025-2024-2023/Coal-Creek_Factoria_-_Center_-_N_2024-10-30_14_12_02_530.mp4,220,823,401,1257,719
crashes/2025-2024-2023/148_SE_Lake_Hills_-_S_2024-07-18_11_05_06_371.mp4,34,229,87,646,707
crashes/2025-2024-2023/148_SE_Lake_Hills_-_S_2024-07-18_11_05_06_371.mp4,44,240,113,641,717
crashes/2025-2024-2023/112_NE_12-_-_Center_2024-01-10_09_17_45_380.mp4,146,281,209,585,381
crashes/2025-2024-2023/148_SE_16_-_E_2023-03-06_08_38_12_657.mp4,69,422,309,899,719
crashes/2025-2024-2023/Factoria_SE_38-_-_W_2023-03-26_14_35_51_432.mp4,207,1138,258,1279,462
crashes/2025-2024-2023/I-405_NB__NE_4_-_W_2024-10-24_19_11_34_071.mp4,129,122,177,562,336
crashes/2025-2024-2023/140___NE_20_-_E_2023-07-05_12_50_21_189.mp4,89,444,151,743,320
crashes/2025-2024-2023/140___NE_20_-_E_2023-07-05_12_50_21_189.mp4,190,872,351,1137,560
crashes/2025-2024-2023/116_NE_12-_-_Center_2023-03-22_09_49_32_484.mp4,192,410,202,644,388
crashes/2025-2024-2023/156_NE_Northup_-_S_2024-09-09_20_34_37_006.mp4,29,1396,945,2093,1257
crashes/2025-2024-2023/156_NE_Northup_-_S_2024-09-09_20_34_37_006.mp4,119,337,603,872,1091
crashes/2025-2024-2023/156_NE_Northup_-_S_2024-09-09_20_34_37_006.mp4,248,1380,868,1964,1260
crashes/2025-2024-2023/120_Lk_Bellevue_-_N_2024-07-19_17_44_42_112.mp4,347,2012,105,2264,352
crashes/2025-2024-2023/120_Lk_Bellevue_-_N_2024-07-19_17_44_42_112.mp4,352,2020,92,2266,346
crashes/2025-2024-2023/148_NE_8-_-_S_2024-12-24_12_38_28_310.mp4,84,161,737,625,1152
crashes/2025-2024-2023/116_NE_4-_-_W_2023-09-14_10_28_14_323.mp4,143,521,57,712,227
crashes/2025-2024-2023/116_NE_4-_-_W_2023-09-14_10_28_14_323.mp4,170,562,81,767,223
crashes/2025-2024-2023/Coal-Creek___124_-_W_2024-02-02_07_04_28_307.mp4,37,0,290,656,719
crashes/2025-2024-2023/Coal-Creek___124_-_W_2024-02-02_07_04_28_307.mp4,55,713,191,956,387
crashes/2025-2024-2023/145_SE_16-_-_Center_-_S_2025-01-08_09_16_36_380.mp4,115,1411,599,2106,1018
crashes/2025-2024-2023/I-405_NB__SE_8_-_NW_2024-04-30_11_43_24_921.mp4,18,820,375,1144,673
crashes/2025-2024-2023/I-405_NB__SE_8_-_NW_2024-04-30_11_43_24_921.mp4,100,58,26,311,224
crashes/2025-2024-2023/I-405_NB__SE_8_-_NW_2024-04-30_11_43_24_921.mp4,100,35,54,311,224
crashes/2025-2024-2023/I-405_NB__SE_8_-_NW_2024-04-30_11_43_24_921.mp4,100,85,77,311,240
crashes/2025-2024-2023/Factoria_SE_38_-_E_2024-12-19_10_46_37_699.mp4,23,0,295,455,719
crashes/2025-2024-2023/Factoria_SE_38_-_E_2024-12-19_10_46_37_699.mp4,24,0,353,295,719
crashes/2025-2024-2023/Factoria_SE_38_-_E_2024-12-19_10_46_37_699.mp4,153,0,306,147,621
crashes/2025-2024-2023/Factoria_SE_38_-_E_2024-12-19_10_46_37_699.mp4,224,0,448,308,719
crashes/2025-2024-2023/Coal-Creek___124_-_W_2023-07-05_09_13_11_388.mp4,90,731,216,944,410
crashes/2025-2024-2023/Coal-Creek___124_-_W_2023-07-05_09_13_11_388.mp4,112,774,231,999,465
crashes/2025-2024-2023/110_NE_10-_-_Center_2023-03-22_11_02_37_734.mp4,968,461,146,775,320
crashes/2025-2024-2023/110_NE_10-_-_Center_2023-03-22_11_02_37_734.mp4,1246,842,338,1072,538
crashes/2025-2024-2023/110_NE_10-_-_Center_2023-03-22_11_02_37_734.mp4,1442,473,210,777,429
crashes/2025-2024-2023/Bel-Way_NE_2_-_S_2025-04-25_12_33_10_638.mp4,121,208,271,533,466
crashes/2025-2024-2023/Bel-Way_NE_2_-_S_2025-04-25_12_33_10_638.mp4,129,238,247,506,435
crashes/2025-2024-2023/150_SE_38_-_S_2025-04-16_08_38_25_538.mp4,101,1707,874,2414,1246
crashes/2025-2024-2023/150_SE_38_-_S_2025-04-16_08_38_25_538.mp4,103,686,388,920,672
crashes/2025-2024-2023/Lk_Hills_Conn_SE_7-8-_-_Center_-_S_2024-03-28_15_05_49_904.mp4,20,25,131,328,382
crashes/2025-2024-2023/Lk_Hills_Conn_SE_7-8-_-_Center_-_S_2024-03-28_15_05_49_904.mp4,131,375,157,748,368
crashes/2025-2024-2023/Coal_Creek_SE_60_-_Center_2024-06-21_15_13_36_055.mp4,105,437,152,790,395
crashes/2025-2024-2023/Coal_Creek_SE_60_-_Center_2024-06-21_15_13_36_055.mp4,130,341,109,664,410
crashes/2025-2024-2023/Richards_SE_26_-_S_2024-10-24_16_39_20_362.mp4,121,1133,417,1279,719
crashes/2025-2024-2023/Bel-Way_P_R_South_-_N_2024-07-18_15_08_17_562.mp4,51,96,455,466,719
crashes/2025-2024-2023/108_NE_Northup_-_N_2024-11-06_18_16_23_630.mp4,107,589,124,817,267
crashes/2025-2024-2023/108_NE_Northup_-_N_2024-11-06_18_16_23_630.mp4,146,647,155,907,328
crashes/2025-2024-2023/108_NE_Northup_-_N_2024-11-06_18_16_23_630.mp4,157,595,117,806,261
crashes/2025-2024-2023/108_NE_Northup_-_N_2024-11-06_18_16_23_630.mp4,260,537,189,825,411
crashes/2025-2024-2023/148_SE_28_-_N_2024-07-29_11_49_37_747.mp4,117,1259,1242,1810,1824
crashes/2025-2024-2023/148_SE_28_-_N_2024-07-29_11_49_37_747.mp4,134,1382,1286,1880,1806
crashes/2025-2024-2023/Richards_SE_26_-_N_2024-04-25_09_55_10_202.mp4,206,347,32,611,183
crashes/2025-2024-2023/Spring_NE_12-_-_S_2024-11-19_08_25_16_981.mp4,98,558,959,1277,1588
crashes/2025-2024-2023/Spring_NE_12-_-_S_2024-11-19_08_25_16_981.mp4,166,1514,1229,2419,1924
crashes/2025-2024-2023/Spring_NE_12-_-_S_2024-11-19_08_25_16_981.mp4,168,1229,1070,2160,1943
crashes/2025-2024-2023/Spring_NE_12-_-_S_2024-11-19_08_25_16_981.mp4,355,1132,1208,2284,1943
crashes/2025-2024-2023/Spring_NE_12-_-_S_2024-11-19_08_25_16_981.mp4,358,1441,1241,2184,1943
crashes/2025-2024-2023/140_NE_18_-_N_2024-02-01_11_23_38_486.mp4,234,627,66,930,327
crashes/2025-2024-2023/Factoria___SE_36_-_N_2023-06-02_22_57_13_552.mp4,23,0,168,239,457
crashes/2025-2024-2023/148_SE_22_-_Center_2025-04-14_10_45_50_866.mp4,106,730,162,1089,420
crashes/2025-2024-2023/Coal-Creek_I-405_SB_Ramp_-_W_2025-03-11_07_42_26_595.mp4,121,1574,643,1960,1038
crashes/2025-2024-2023/156_Bel-Red_-_E_2024-05-10_22_06_09_556.mp4,30,489,42,753,205
crashes/2025-2024-2023/156_Bel-Red_-_E_2024-05-10_22_06_09_556.mp4,269,465,158,666,344
crashes/2025-2024-2023/150___SE_37_-_W_2023-07-19_16_46_17_532.mp4,15,845,362,1160,699
crashes/2025-2024-2023/150___SE_37_-_W_2023-07-19_16_46_17_532.mp4,389,592,119,796,279
crashes/2025-2024-2023/150___SE_37_-_W_2023-07-19_16_46_17_532.mp4,481,216,157,447,312
crashes/2025-2024-2023/150___SE_37_-_W_2023-07-19_16_46_17_532.mp4,483,280,157,512,308
crashes/2025-2024-2023/148_SE_28-_-_S_2023-11-09_16_21_56_589.mp4,278,199,453,830,719
crashes/2025-2024-2023/158_NE_8_-_E_2023-09-05_10_46_28_881.mp4,142,206,312,439,588
crashes/2025-2024-2023/140___Main_-_S_2024-03-13_12_44_04_546.mp4,34,590,139,891,566
crashes/2025-2024-2023/Bel-Way_NE_Northup-_-_Center_2023-03-05_15_10_29_040.mp4,61,765,252,925,432
crashes/2025-2024-2023/150_SE_38_-_Center_2025-04-16_08_38_25_538.mp4,93,1658,451,2562,951
crashes/2025-2024-2023/150_SE_38_-_Center_2025-04-16_08_38_25_538.mp4,111,1520,402,2459,799
crashes/2025-2024-2023/150_SE_38_-_Center_2025-04-16_08_38_25_538.mp4,155,1988,699,2591,1109
crashes/2025-2024-2023/Bel-Red___NE_20_-_NE_2024-01-18_20_40_40_749.mp4,134,67,170,300,419
crashes/2025-2024-2023/Bel-Way_NE_6_-_S_2024-09-03_10_04_01_485__2_.mp4,798,720,198,997,399
crashes/2025-2024-2023/Factoria___SE_36_-_S_2024-02-29_18_54_23_982.mp4,224,609,6,837,172
crashes/2025-2024-2023/140_SE_Eastgate_-_E_2024-10-14_16_31_23_569.mp4,78,1179,284,1383,502
crashes/2025-2024-2023/140_SE_Eastgate_-_E_2024-10-14_16_31_23_569.mp4,298,2079,357,2466,824
crashes/2025-2024-2023/148_NE_8-_-_S_2025-05-19_15_52_26_831.mp4,88,52,296,296,560
crashes/2025-2024-2023/Coal-Creek_Factoria_-_SE_2024-05-16_07_52_30_194.mp4,120,212,253,536,470
crashes/2025-2024-2023/Coal-Creek_Factoria_-_SE_2024-05-16_07_52_30_194.mp4,180,342,161,616,395
crashes/2025-2024-2023/Coal-Creek_Factoria_-_SE_2024-05-16_07_52_30_194.mp4,184,60,410,283,634
crashes/2025-2024-2023/Coal-Creek_Factoria_-_SE_2024-05-16_07_52_30_194.mp4,192,26,418,246,719
crashes/2025-2024-2023/150___SE_37_-_Center_2023-04-05_18_24_25_409.mp4,25,658,437,1073,719
crashes/2025-2024-2023/148___SE_Lake_Hills_-_W_2024-03-21_10_35_40_462.mp4,194,0,386,296,617
crashes/2025-2024-2023/Bel-Way_SE_112_-_W_2024-07-10_16_38_07_338.mp4,37,252,320,503,664
crashes/2025-2024-2023/148_NE_Main-_-_W_2023-12-05_11_42_50_216.mp4,123,550,537,1048,719
crashes/2025-2024-2023/148_NE_Main-_-_W_2023-12-05_11_42_50_216.mp4,187,1091,200,1279,384
crashes/2025-2024-2023/148_SE_28-_-_S_2024-03-17_19_10_39_016.mp4,141,181,758,824,1518
crashes/2025-2024-2023/148_SE_28-_-_S_2024-03-17_19_10_39_016.mp4,477,303,756,781,1093
crashes/2025-2024-2023/148_SE_28-_-_S_2024-03-17_19_10_39_016.mp4,768,0,521,639,1190
crashes/2025-2024-2023/148_SE_28-_-_S_2024-03-17_19_10_39_016.mp4,809,169,768,783,1099
crashes/2025-2024-2023/148_SE_28-_-_S_2024-03-17_19_10_39_016.mp4,856,317,761,781,1091
crashes/2025-2024-2023/148_SE_28-_-_S_2024-03-17_19_10_39_016.mp4,989,690,620,1894,1221
crashes/2025-2024-2023/148_SE_28-_-_S_2024-03-17_19_10_39_016.mp4,993,283,657,616,1021
crashes/2025-2024-2023/148_SE_28-_-_S_2024-03-17_19_10_39_016.mp4,1317,0,973,456,1424
crashes/2025-2024-2023/148_SE_28-_-_S_2024-03-17_19_10_39_016.mp4,1318,0,804,388,1344
crashes/2025-2024-2023/148_SE_28-_-_S_2024-03-17_19_10_39_016.mp4,1326,0,621,371,1002
crashes/2025-2024-2023/148_SE_28-_-_S_2024-03-17_19_10_39_016.mp4,1345,1651,144,1907,304
crashes/2025-2024-2023/148_SE_28-_-_S_2024-03-17_19_10_39_016.mp4,1559,266,799,761,1439
crashes/2025-2024-2023/148_SE_28-_-_S_2024-03-17_19_10_39_016.mp4,1584,213,686,711,1145
crashes/2025-2024-2023/148_SE_28-_-_S_2024-03-17_19_10_39_016.mp4,1634,1939,224,2160,437
crashes/2025-2024-2023/148_SE_28-_-_S_2024-03-17_19_10_39_016.mp4,1662,237,958,946,1498
crashes/2025-2024-2023/148_SE_28-_-_S_2024-03-17_19_10_39_016.mp4,1705,158,716,682,1137
crashes/2025-2024-2023/148_SE_28-_-_S_2024-03-17_19_10_39_016.mp4,2448,0,628,412,1090
crashes/2025-2024-2023/148_SE_28-_-_S_2024-03-17_19_10_39_016.mp4,3538,1642,226,1853,408
crashes/2025-2024-2023/148_SE_28-_-_S_2024-03-17_19_10_39_016.mp4,4251,0,763,705,1158
crashes/2025-2024-2023/Bel-Red_NE_24-_-_Center_2024-06-06_14_01_07_829.mp4,17,599,463,983,719
crashes/2025-2024-2023/Factoria_SE_41_-_Center_2024-09-10_13_06_08_836.mp4,136,204,288,591,486
crashes/2025-2024-2023/Bel-Way_NE_4_-_Center_2024-10-27_20_10_28_508.mp4,38,649,92,903,318
crashes/2025-2024-2023/148_NE_8-_-_E_2025-05-19_15_52_26_831.mp4,97,820,197,1199,515
crashes/2025-2024-2023/Bel-Way_NE_7_-_S_2024-11-16_15_24_46_696.mp4,127,507,81,736,359
crashes/2025-2024-2023/156_NE_24-_-_Center_-_S_2023-12-05_19_56_48_388.mp4,166,65,104,493,319
crashes/2025-2024-2023/156_NE_24-_-_Center_-_S_2023-12-05_19_56_48_388.mp4,166,136,104,493,303
crashes/2025-2024-2023/156_NE_24-_-_Center_-_S_2023-12-05_19_56_48_388.mp4,958,772,148,991,343
crashes/2025-2024-2023/108_NE_2_-_Center_2024-09-05_08_03_09_077.mp4,145,0,720,413,1719
crashes/2025-2024-2023/108_NE_2_-_Center_2024-09-05_08_03_09_077.mp4,145,1515,293,1740,515
crashes/2025-2024-2023/108_NE_2_-_Center_2024-09-05_08_03_09_077.mp4,155,1254,333,1520,524
crashes/2025-2024-2023/108_NE_2_-_Center_2024-09-05_08_03_09_077.mp4,303,1554,948,2591,1943
crashes/2025-2024-2023/108_NE_2_-_Center_2024-09-05_08_03_09_077.mp4,309,1318,896,2591,1943
