filename,label
01-10-23__148_SE_28__Sideswipe_Metro_Bus_crash_48.mp4,d
01-10-23__148_SE_28__Sideswipe_Metro_Bus_crash_100.mp4,d
01-10-23__148_SE_28__Sideswipe_Metro_Bus_crash_140.mp4,c
01-12-23__156_Northup__FYA_crash_46.mp4,n
01-12-23__156_Northup__FYA_crash_91.mp4,n
01-12-23__156_Northup__FYA_crash_117.mp4,n
01-12-23__156_Northup__FYA_crash_132.mp4,n
01-12-23__156_Northup__FYA_crash_233.mp4,c
100_NE_Main_-_W_2024-03-01_15_17_51_801_crash_67.mp4,n
101_NE_8_-_Center_2024-09-12_10_36_22_775_crash_11.mp4,n
101_NE_8_-_Center_2024-09-12_10_36_22_775_crash_183.mp4,n
101_NE_8_-_Center_2024-09-12_10_36_22_775_crash_185.mp4,c
101_NE_8_-_E_2024-09-12_10_36_22_775_crash_174.mp4,n
101_NE_8_-_E_2024-09-12_10_36_22_775_crash_178.mp4,n
101_NE_8_-_W_2024-09-12_10_36_22_775_crash_27.mp4,n
101_NE_8_-_W_2024-09-12_10_36_22_775_crash_159.mp4,c
101_NE_8_-_W_2024-09-12_10_36_22_775_crash_166.mp4,c
105_NE_4_-_Center_2024-08-23_22_20_39_672_crash_158.mp4,c
105_NE_4_-_Center_2024-08-23_22_20_39_672_crash_159.mp4,c
105_NE_4_-_E_2023-12-03_18_34_21_099_crash_231.mp4,n
105_NE_4_-_W_2024-06-08_21_42_43_765_crash_273.mp4,n
105_NE_4_-_W_2024-06-08_21_42_43_765_crash_417.mp4,n
105_NE_4_-_W_2024-06-08_21_42_43_765_crash_450.mp4,n
105_NE_4_-_W_2024-06-08_21_42_43_765_crash_494.mp4,n
105_NE_4_-_W_2024-06-08_21_42_43_765_crash_497.mp4,n
105_NE_4_-_W_2024-06-08_21_42_43_765_crash_532.mp4,n
105_NE_4_-_W_2024-06-08_21_42_43_765_crash_547.mp4,n
106_NE_8-_-_Center_2024-01-04_11_28_49_761_crash_171.mp4,n
106_NE_8-_-_N_2023-07-05_07_21_50_503_crash_223.mp4,c
106_NE_8_-_E_2025-03-17_15_33_29_659_crash_141.mp4,n
108_NE_2_-_Center_2024-09-05_08_03_09_077_crash_145.mp4,n
108_NE_2_-_Center_2024-09-05_08_03_09_077_crash_155.mp4,n
108_NE_2_-_Center_2024-09-05_08_03_09_077_crash_303.mp4,n
108_NE_2_-_Center_2024-09-05_08_03_09_077_crash_309.mp4,n
108_NE_4-_-_Center_2024-10-30_15_28_26_170_crash_114.mp4,n
108_NE_4-_-_Center_2024-10-30_15_28_26_170_crash_208.mp4,n
108_NE_4-_-_Center_2024-10-30_15_28_26_170_crash_238.mp4,n
108_NE_4-_-_Center_2024-10-30_15_28_26_170_crash_270.mp4,n
108_NE_4-_-_Center_2024-10-30_15_28_26_170_crash_323.mp4,n
108_NE_4-_-_Center_2024-10-30_15_28_26_170_crash_391.mp4,n
108_NE_4-_-_Center_2024-10-30_15_28_26_170_crash_647.mp4,n
108_NE_8-_-_Center_2023-12-03_16_19_38_749_crash_448.mp4,d
108_NE_8-_-_W_2023-12-03_16_19_38_749_crash_126.mp4,n
108_NE_8-_-_W_2023-12-03_16_19_38_749_crash_331.mp4,n
108_NE_8-_-_W_2023-12-03_16_19_38_749_crash_386.mp4,n
108_NE_8_-_Center_2025-02-01_19_38_13_288_crash_220.mp4,c
108_NE_8_-_Center_2025-02-01_19_38_13_288_crash_222.mp4,c
108_NE_8_-_Center_2025-02-01_19_38_13_288_crash_225.mp4,n
108_NE_8_-_Center_2025-02-01_19_38_13_288_crash_229.mp4,c
108_NE_8_-_Center_2025-02-01_19_38_13_288_crash_235.mp4,n
108_NE_8_-_Center_2025-02-01_19_38_13_288_crash_289.mp4,d
108_NE_8_-_E_2025-02-01_19_38_13_288_crash_173.mp4,c
108_NE_8_-_E_2025-02-01_19_38_13_288_crash_182.mp4,c
108_NE_8_-_E_2025-02-01_19_38_13_288_crash_194.mp4,d
108_NE_8_-_E_2025-02-01_19_38_13_288_crash_266.mp4,d
108_NE_Northup_-_Center_2024-07-03_10_03_50_451_crash_266.mp4,d
108_NE_Northup_-_Center_2025-06-25_07_36_18_781_crash_110.mp4,c
108_NE_Northup_-_Center_2025-06-25_07_36_18_781_crash_115.mp4,c
108_NE_Northup_-_Center_2025-06-25_07_36_18_781_crash_116.mp4,c
108_NE_Northup_-_E_2025-06-25_07_36_18_781_crash_155.mp4,c
108_NE_Northup_-_N_2024-11-06_18_16_23_630_crash_107.mp4,n
108_NE_Northup_-_N_2024-11-06_18_16_23_630_crash_146.mp4,n
108_NE_Northup_-_N_2024-11-06_18_16_23_630_crash_157.mp4,n
108_NE_Northup_-_N_2024-11-06_18_16_23_630_crash_260.mp4,n
108_NE_Northup_-_S_2024-07-03_10_03_50_451_crash_199.mp4,d
108_SR520_EB__-_N_2023-06-30_13_10_58_421_crash_142.mp4,c
110_NE_4_-_Center_2024-04-18_20_18_19_042_crash_66.mp4,c
110_NE_4_-_E_2024-10-21_13_48_47_112_crash_129.mp4,c
110_NE_8_-_S_2024-04-04_17_58_42_069_crash_61.mp4,n
110_NE_8_-_S_2024-07-10_13_19_19_821_crash_11.mp4,n
110_NE_8_-_S_2024-07-10_13_19_19_821_crash_77.mp4,c
110_NE_10-_-_Center_2023-03-22_11_02_37_734_crash_968.mp4,n
110_NE_10-_-_Center_2023-03-22_11_02_37_734_crash_1246.mp4,n
110_NE_10-_-_Center_2023-03-22_11_02_37_734_crash_1442.mp4,n
110_NE_10-_-_Center_2024-01-19_18_02_20_541_crash_144.mp4,n
110_NE_10-_-_Center_2024-01-19_18_02_20_541_crash_268.mp4,c
110_NE_10-_-_Center_2024-01-19_18_02_20_541_crash_294.mp4,c
110_NE_10-_-_Center_2024-01-19_18_02_20_541_crash_352.mp4,d
112_NE_2_-_Center_-_S_2024-05-28_10_54_24_131_crash_191.mp4,c
112_NE_2_-_Center_-_S_2024-07-18_10_49_00_915_crash_163.mp4,c
112_NE_2_-_W_2024-07-18_10_49_00_915_crash_157.mp4,c
112_NE_4_-_Center_2025-06-16_11_34_34_202_crash_64.mp4,n
112_NE_4_-_N_2024-04-26_15_05_05_389_crash_30.mp4,n
112_NE_4_-_N_2024-04-26_15_05_05_389_crash_144.mp4,n
112_NE_4_-_S_2025-06-16_11_34_34_202_crash_60.mp4,n
112_NE_10-_-_S_2023-10-27_15_55_55_703_crash_16.mp4,n
112_NE_10_-_Center_2024-07-14_17_42_46_525_crash_115.mp4,c
112_NE_10_-_S_2024-07-14_17_42_46_525_crash_228.mp4,n
112_NE_12-_-_Center_2023-10-04_10_35_17_254_crash_348.mp4,n
112_NE_12-_-_Center_2024-01-10_09_17_45_380_crash_146.mp4,c
112_NE_Main_-_Center_2023-11-12_18_21_20_874_crash_364.mp4,n
112_NE_Main_-_E_2023-09-13_07_13_07_004_crash_97.mp4,n
112_NE_Main_-_E_2023-09-13_07_13_07_004_crash_117.mp4,n
112_SE_6-_-_E_2023-03-02_12_06_30_310_crash_38.mp4,n
112_SE_6-_-_E_2023-03-02_12_06_30_310_crash_96.mp4,n
112_SE_6-_-_E_2023-03-02_12_06_30_310_crash_187.mp4,n
112_SE_8-_-_E_2024-02-23_12_43_32_129_crash_131.mp4,c
116_NE_4-_-_W_2023-09-14_10_28_14_323_crash_143.mp4,n
116_NE_4-_-_W_2023-09-14_10_28_14_323_crash_170.mp4,n
116_NE_4_-_Center_2024-04-27_19_59_18_409_crash_176.mp4,c
116_NE_4_-_N_2024-07-09_08_19_25_783_crash_132.mp4,n
116_NE_8_-_E_2024-08-09_13_57_50_639_crash_24.mp4,n
116_NE_8_-_E_2024-08-09_13_57_50_639_crash_43.mp4,n
116_NE_8_-_W_2024-08-09_13_57_50_639_crash_34.mp4,n
116_NE_8_-_W_2024-08-09_13_57_50_639_crash_228.mp4,n
116_NE_8_-_W_2024-08-22_15_04_22_022_crash_236.mp4,n
116_NE_8_-_W_2024-08-22_15_04_22_022_crash_421.mp4,d
116_NE_8_-_W_2024-08-22_15_04_22_022_crash_465.mp4,d
116_NE_8_-_W_2024-08-22_15_04_22_022_crash_467.mp4,n
116_NE_10-_-_Center_2023-06-23_15_25_18_193_crash_60.mp4,c
116_NE_12-_-_Center_2023-03-22_09_49_32_484_crash_192.mp4,c
116_NE_12-_-_Center_2023-10-11_10_04_39_303_crash_110.mp4,c
116_NE_12-_-_Center_2023-12-15_16_05_38_188_crash_151.mp4,n
116_NE_12_-_Center_2024-10-14_19_16_37_801_crash_237.mp4,n
116_NE_12_-_Center_2024-10-22_12_05_02_359_crash_62.mp4,n
116_NE_12_-_N_2025-01-14_08_14_35_822_crash_130.mp4,n
116_NE_12_-_W_2024-12-04_09_32_35_298_crash_97.mp4,n
116_Overlake_Hospital_-_E_2024-03-04_14_40_21_033_crash_444.mp4,n
116_Overlake_Hospital_-_E_2024-03-04_14_40_21_033_crash_614.mp4,n
116_Overlake_Hospital_-_E_2024-03-04_14_40_21_033_crash_854.mp4,n
116_SE_1_-_N_2023-12-18_06_55_28_083_crash_178.mp4,c
116E_NE_Northup_-_E_2024-10-14_14_21_05_469_crash_492.mp4,n
116E_NE_Northup_-_E_2024-10-14_14_21_05_469_crash_493.mp4,n
116E_NE_Northup_-_E_2024-10-14_14_21_05_469_crash_711.mp4,n
116W_NE_Northup-_-_S_2023-06-27_15_39_30_286_crash_82.mp4,d
116W_NE_Northup-_-_S_2023-06-27_15_39_30_286_crash_85.mp4,d
116W_NE_Northup_-_Center_2024-11-05_10_56_08_346_crash_127.mp4,d
116W_NE_Northup_-_Center_2025-01-07_14_00_16_802_crash_139.mp4,c
116W_NE_Northup_-_E_2025-01-07_14_00_16_802_crash_135.mp4,c
116W_NE_Northup_-_E_2025-01-07_14_00_16_802_crash_141.mp4,c
116W_NE_Northup_-_W_2024-11-05_10_56_08_346_crash_124.mp4,n
120_Lk_Bellevue_-_Center_2024-12-23_12_22_40_303_crash_14.mp4,n
120_Lk_Bellevue_-_E_2024-12-23_12_22_40_303_crash_155.mp4,c
120_Lk_Bellevue_-_N_2024-07-19_17_44_42_112_crash_347.mp4,n
120_Lk_Bellevue_-_N_2024-07-19_17_44_42_112_crash_352.mp4,n
120_Lk_Bellevue_-_S_2024-12-23_12_22_40_303_crash_46.mp4,n
120_NE_6_-_Center_2025-02-21_12_36_43_709_crash_111.mp4,c
120_NE_12-_-_E_2023-02-22_15_54_21_025_crash_21.mp4,n
120_NE_12-_-_E_2023-02-22_15_54_21_025_crash_25.mp4,n
120_NE_12_-_Center_2024-06-01_21_02_45_873_crash_18.mp4,n
120_NE_12_-_Center_2024-06-01_21_02_45_873_crash_20.mp4,n
120_NE_12_-_Center_2024-06-01_21_02_45_873_crash_97.mp4,n
120_NE_12_-_Center_2024-06-01_21_02_45_873_crash_115.mp4,n
120_NE_12_-_Center_2024-12-13_11_58_55_167_crash_90.mp4,n
120_NE_12_-_Center_2024-12-13_11_58_55_167_crash_138.mp4,n
120_NE_12_-_Center_2024-12-13_11_58_55_167_crash_155.mp4,c
120_NE_12_-_E_2024-06-01_21_02_45_873_crash_20.mp4,n
120_NE_12_-_W_2024-06-01_21_02_45_873_crash_252.mp4,n
120_NE_12_-_W_2024-12-13_11_58_55_167_crash_69.mp4,n
120_NE_Northup-_-_Center_2024-03-29_17_40_03_523_crash_71.mp4,n
124_Bel-Red_-_Center_2024-03-03_19_49_08_041_crash_105.mp4,c
124_NE_Northup_-_W_2024-11-15_22_26_10_025_crash_43.mp4,n
124_NE_Northup_-_W_2024-11-15_22_26_10_025_crash_200.mp4,d
130_NE_20-_-_E_2023-11-15_09_08_35_606_crash_245.mp4,n
130_NE_20_-_W_2025-02-19_11_13_18_508_crash_120.mp4,n
132_Bel-Red_-_N_2024-05-22_07_24_01_044_crash_91.mp4,c
132_Bel-Red_-_W_2024-05-22_07_24_01_044_crash_186.mp4,c
132_Bel-Red_-_W_2024-10-29_14_07_28_810_crash_12.mp4,n
132_Bel-Red_-_W_2024-10-29_14_07_28_810_crash_13.mp4,n
132_Bel-Red_-_W_2024-10-29_14_07_28_810_crash_46.mp4,d
132_Bel-Red_-_W_2024-10-29_14_07_28_810_crash_198.mp4,n
132_Bel-Red_-_W_2024-10-29_14_07_28_810_crash_985.mp4,n
133_NE_8_-_W_2024-02-02_18_02_37_620_crash_63.mp4,d
140___Main_-_S_2024-03-13_12_44_04_546_crash_34.mp4,n
140___NE_20_-_E_2023-07-05_12_50_21_189_crash_89.mp4,c
140___NE_20_-_E_2023-07-05_12_50_21_189_crash_190.mp4,n
140___NE_20_-_N_2023-06-25_17_44_31_615_crash_254.mp4,n
140_NE_8-_-_N_2023-04-18_11_48_15_319_crash_115.mp4,c
140_NE_18_-_N_2024-02-01_11_23_38_486_crash_234.mp4,c
140_SE_Eastgate_-_E_2024-10-14_16_31_23_569_crash_78.mp4,n
140_SE_Eastgate_-_E_2024-10-14_16_31_23_569_crash_298.mp4,n
143_NE_Bel-Red_-_E_2024-04-04_16_57_10_747_crash_19.mp4,n
143_NE_Bel-Red_-_E_2024-04-04_16_57_10_747_crash_20.mp4,n
143_NE_Bel-Red_-_E_2024-04-04_16_57_10_747_crash_92.mp4,n
143_NE_Bel-Red_-_E_2024-04-04_16_57_10_747_crash_102.mp4,n
143_NE_Bel-Red_-_E_2024-04-04_16_57_10_747_crash_174.mp4,n
143_NE_Bel-Red_-_E_2024-04-04_16_57_10_747_crash_202.mp4,n
143_NE_Bel-Red_-_E_2024-04-04_16_57_10_747_crash_207.mp4,n
143_NE_Bel-Red_-_E_2024-04-04_16_57_10_747_crash_237.mp4,n
143_NE_Bel-Red_-_E_2024-04-04_16_57_10_747_crash_283.mp4,n
143_NE_Bel-Red_-_E_2024-04-04_16_57_10_747_crash_373.mp4,n
143_NE_Bel-Red_-_E_2024-04-04_16_57_10_747_crash_469.mp4,n
143_NE_Bel-Red_-_E_2024-04-04_16_57_10_747_crash_490.mp4,n
143_NE_Bel-Red_-_S_2025-01-24_11_57_58_152_crash_106.mp4,d
145_SE_16-_-_Center_-_S_2025-01-08_09_16_36_380_crash_115.mp4,c
145_SE_16-_-_W_2025-01-08_09_16_36_380_crash_125.mp4,c
145_SE_16-_-_W_2025-01-08_09_16_36_380_crash_135.mp4,c
145_SE_16-_-_W_2025-01-08_09_16_36_380_crash_140.mp4,c
148___Bel-Red_-_E_2023-11-17_13_50_08_408_crash_34.mp4,n
148___NE_24_-_S_2023-01-23_13_40_47_414_crash_16.mp4,n
148___NE_29P_-_S_2023-02-22_07_19_01_266_crash_60.mp4,n
148___SE_22_-_Center_2024-04-03_20_32_53_837_crash_38.mp4,n
148___SE_Lake_Hills_-_W_2024-03-21_10_35_40_462_crash_194.mp4,n
148_Bel-Red_-_Center_2025-01-28_09_53_05_772_crash_57.mp4,n
148_Bel-Red_-_Center_2025-01-28_09_53_05_772_crash_712.mp4,n
148_NE_8-_-_Center_-_N_2024-12-24_12_38_28_310_crash_43.mp4,n
148_NE_8-_-_Center_-_N_2024-12-24_12_38_28_310_crash_49.mp4,n
148_NE_8-_-_Center_-_N_2024-12-24_12_38_28_310_crash_51.mp4,n
148_NE_8-_-_Center_-_N_2024-12-24_12_38_28_310_crash_140.mp4,n
148_NE_8-_-_E_2023-06-05_07_52_50_913_crash_92.mp4,c
148_NE_8-_-_E_2023-06-05_07_52_50_913_crash_97.mp4,c
148_NE_8-_-_E_2024-12-24_12_38_28_310_crash_17.mp4,n
148_NE_8-_-_E_2024-12-24_12_38_28_310_crash_26.mp4,n
148_NE_8-_-_E_2024-12-24_12_38_28_310_crash_28.mp4,n
148_NE_8-_-_E_2024-12-24_12_38_28_310_crash_74.mp4,n
148_NE_8-_-_E_2024-12-24_12_38_28_310_crash_97.mp4,n
148_NE_8-_-_E_2024-12-24_12_38_28_310_crash_110.mp4,n
148_NE_8-_-_E_2024-12-24_12_38_28_310_crash_118.mp4,n
148_NE_8-_-_E_2024-12-24_12_38_28_310_crash_119.mp4,n
148_NE_8-_-_E_2024-12-24_12_38_28_310_crash_130.mp4,n
148_NE_8-_-_E_2025-05-19_15_52_26_831_crash_97.mp4,n
148_NE_8-_-_S_2023-06-05_07_52_50_913_crash_54.mp4,n
148_NE_8-_-_S_2024-12-24_12_38_28_310_crash_84.mp4,n
148_NE_8-_-_S_2025-05-19_15_52_26_831_crash_88.mp4,n
148_NE_8-_-_W_2024-12-24_12_38_28_310_crash_35.mp4,n
148_NE_8-_-_W_2024-12-24_12_38_28_310_crash_155.mp4,n
148_NE_8_-_E_2024-06-03_08_37_15_862_crash_99.mp4,c
148_NE_8_-_W_2024-06-03_08_37_15_862_crash_24.mp4,n
148_NE_8_-_W_2024-06-03_08_37_15_862_crash_96.mp4,n
148_NE_20_-_Center_2023-10-21_15_58_42_523_crash_203.mp4,c
148_NE_20_-_Center_2024-04-11_13_00_06_352_crash_115.mp4,c
148_NE_20_-_Center_2024-11-15_20_42_16_994_crash_201.mp4,n
148_NE_20_-_NE_2023-10-21_15_58_42_523_crash_110.mp4,n
148_NE_20_-_NE_2024-11-15_20_42_16_994_crash_428.mp4,n
148_NE_20_-_S_2024-11-15_20_42_16_994_crash_241.mp4,n
148_NE_20_-_S_2024-11-15_20_42_16_994_crash_250.mp4,n
148_NE_20_-_S_2024-11-15_20_42_16_994_crash_282.mp4,n
148_NE_20_-_S_2024-11-15_20_42_16_994_crash_368.mp4,n
148_NE_20_-_S_2024-11-15_20_42_16_994_crash_375.mp4,n
148_NE_20_-_S_2024-11-15_20_42_16_994_crash_419.mp4,n
148_NE_20_-_S_2024-11-15_20_42_16_994_crash_422.mp4,n
148_NE_20_-_S_2024-11-15_20_42_16_994_crash_433.mp4,n
148_NE_20_-_W_2023-10-21_15_58_42_523_crash_167.mp4,c
148_NE_20_-_W_2024-11-15_20_42_16_994_crash_74.mp4,n
148_NE_20_-_W_2024-11-15_20_42_16_994_crash_78.mp4,n
148_NE_20_-_W_2024-11-15_20_42_16_994_crash_80.mp4,n
148_NE_20_-_W_2024-11-15_20_42_16_994_crash_263.mp4,n
148_NE_24-_-_W_2023-09-25_07_17_10_811_crash_82.mp4,c
148_NE_24-_-_W_2024-03-18_12_32_45_341_crash_91.mp4,n
148_NE_24-_-_W_2024-03-18_12_32_45_341_crash_151.mp4,n
148_NE_24-_-_W_2024-03-18_12_32_45_341_crash_223.mp4,c
148_NE_24-_-_W_2024-03-18_12_32_45_341_crash_228.mp4,c
148_NE_24_-_Center_2024-06-25_13_06_00_326_crash_138.mp4,n
148_NE_24_-_Center_2024-06-25_13_06_00_326_crash_379.mp4,n
148_NE_24_-_Center_2024-06-25_13_06_00_326_crash_385.mp4,d
148_NE_24_-_Center_2024-06-25_13_06_00_326_crash_386.mp4,d
148_NE_24_-_Center_2024-06-25_13_06_00_326_crash_460.mp4,n
148_NE_24_-_Center_2024-06-25_13_06_00_326_crash_535.mp4,n
148_NE_24_-_Center_2024-12-13_07_54_59_443_crash_94.mp4,c
148_NE_24_-_E_2024-06-25_13_06_00_326_crash_262.mp4,n
148_NE_24_-_E_2024-06-25_13_06_00_326_crash_300.mp4,n
148_NE_24_-_E_2024-06-25_13_06_00_326_crash_418.mp4,n
148_NE_24_-_E_2024-06-25_13_06_00_326_crash_480.mp4,n
148_NE_24_-_N_2024-06-25_13_06_00_326_crash_302.mp4,n
148_NE_24_-_W_2024-06-25_13_06_00_326_crash_92.mp4,n
148_NE_24_-_W_2024-06-25_13_06_00_326_crash_134.mp4,n
148_NE_24_-_W_2024-06-25_13_06_00_326_crash_143.mp4,n
148_NE_24_-_W_2024-06-25_13_06_00_326_crash_160.mp4,n
148_NE_24_-_W_2024-06-25_13_06_00_326_crash_164.mp4,n
148_NE_24_-_W_2024-06-25_13_06_00_326_crash_202.mp4,n
148_NE_24_-_W_2024-06-25_13_06_00_326_crash_203.mp4,n
148_NE_24_-_W_2024-06-25_13_06_00_326_crash_214.mp4,n
148_NE_24_-_W_2024-06-25_13_06_00_326_crash_215.mp4,n
148_NE_24_-_W_2024-06-25_13_06_00_326_crash_230.mp4,n
148_NE_24_-_W_2024-06-25_13_06_00_326_crash_231.mp4,n
148_NE_24_-_W_2024-06-25_13_06_00_326_crash_241.mp4,n
148_NE_24_-_W_2024-06-25_13_06_00_326_crash_260.mp4,n
148_NE_24_-_W_2024-06-25_13_06_00_326_crash_265.mp4,n
148_NE_24_-_W_2024-06-25_13_06_00_326_crash_267.mp4,n
148_NE_24_-_W_2024-06-25_13_06_00_326_crash_268.mp4,n
148_NE_24_-_W_2024-06-25_13_06_00_326_crash_277.mp4,n
148_NE_24_-_W_2024-06-25_13_06_00_326_crash_299.mp4,n
148_NE_24_-_W_2024-06-25_13_06_00_326_crash_300.mp4,n
148_NE_24_-_W_2024-06-25_13_06_00_326_crash_304.mp4,n
148_NE_24_-_W_2024-06-25_13_06_00_326_crash_319.mp4,n
148_NE_24_-_W_2024-06-25_13_06_00_326_crash_523.mp4,n
148_NE_Main-_-_Center_2023-12-05_11_42_50_216_crash_163.mp4,n
148_NE_Main-_-_W_2023-12-05_11_42_50_216_crash_123.mp4,n
148_NE_Main-_-_W_2023-12-05_11_42_50_216_crash_187.mp4,n
148_NE_Main_-_Center_2024-12-18_18_23_25_605_crash_266.mp4,n
148_NE_Main_-_N_2024-12-18_18_23_25_605_crash_257.mp4,n
148_NE_Main_-_W_2024-12-18_18_23_25_605_crash_39.mp4,n
148_NE_Main_-_W_2024-12-18_18_23_25_605_crash_58.mp4,n
148_NE_Main_-_W_2024-12-18_18_23_25_605_crash_269.mp4,n
148_SE_16_-_Center_2024-03-04_16_55_36_306_crash_55.mp4,n
148_SE_16_-_Center_2024-03-04_16_55_36_306_crash_271.mp4,n
148_SE_16_-_Center_2024-03-04_16_55_36_306_crash_498.mp4,n
148_SE_16_-_Center_2024-03-04_16_55_36_306_crash_636.mp4,n
148_SE_16_-_Center_2024-03-04_16_55_36_306_crash_637.mp4,n
148_SE_16_-_E_2023-03-06_08_38_12_657_crash_69.mp4,n
148_SE_22_-_Center_2025-04-14_10_45_50_866_crash_106.mp4,c
148_SE_22_-_W_2025-04-14_10_45_50_866_crash_104.mp4,c
148_SE_28-_-_Center_2024-03-17_19_10_39_016_crash_209.mp4,n
148_SE_28-_-_Center_2024-03-17_19_10_39_016_crash_219.mp4,n
148_SE_28-_-_Center_2024-03-17_19_10_39_016_crash_378.mp4,n
148_SE_28-_-_Center_2024-03-17_19_10_39_016_crash_379.mp4,n
148_SE_28-_-_Center_2024-03-17_19_10_39_016_crash_659.mp4,n
148_SE_28-_-_Center_2024-03-17_19_10_39_016_crash_946.mp4,n
148_SE_28-_-_Center_2024-03-17_19_10_39_016_crash_1480.mp4,n
148_SE_28-_-_Center_2024-03-17_19_10_39_016_crash_1534.mp4,n
148_SE_28-_-_Center_2024-03-17_19_10_39_016_crash_1537.mp4,n
148_SE_28-_-_Center_2024-03-17_19_10_39_016_crash_1582.mp4,n
148_SE_28-_-_Center_2024-03-17_19_10_39_016_crash_1691.mp4,n
148_SE_28-_-_Center_2024-03-17_19_10_39_016_crash_2212.mp4,n
148_SE_28-_-_Center_2024-03-17_19_10_39_016_crash_2220.mp4,n
148_SE_28-_-_Center_2024-03-17_19_10_39_016_crash_4128.mp4,n
148_SE_28-_-_Center_2024-03-17_19_10_39_016_crash_4167.mp4,n
148_SE_28-_-_Center_2024-03-17_19_10_39_016_crash_4177.mp4,n
148_SE_28-_-_Center_2024-03-17_19_10_39_016_crash_4262.mp4,n
148_SE_28-_-_N_2024-03-17_19_10_39_016_crash_218.mp4,n
148_SE_28-_-_N_2024-03-17_19_10_39_016_crash_275.mp4,n
148_SE_28-_-_N_2024-03-17_19_10_39_016_crash_283.mp4,n
148_SE_28-_-_N_2024-03-17_19_10_39_016_crash_1174.mp4,n
148_SE_28-_-_N_2024-03-17_19_10_39_016_crash_1306.mp4,n
148_SE_28-_-_N_2024-03-17_19_10_39_016_crash_1433.mp4,n
148_SE_28-_-_N_2024-03-17_19_10_39_016_crash_1486.mp4,n
148_SE_28-_-_N_2024-03-17_19_10_39_016_crash_2311.mp4,n
148_SE_28-_-_N_2024-03-17_19_10_39_016_crash_3702.mp4,n
148_SE_28-_-_N_2024-03-17_19_10_39_016_crash_3872.mp4,n
148_SE_28-_-_S_2023-10-31_14_07_45_251_crash_20.mp4,n
148_SE_28-_-_S_2023-10-31_14_07_45_251_crash_37.mp4,n
148_SE_28-_-_S_2023-11-09_16_21_56_589_crash_278.mp4,n
148_SE_28-_-_S_2024-01-04_13_14_18_385_crash_57.mp4,n
148_SE_28-_-_S_2024-01-04_13_14_18_385_crash_115.mp4,n
148_SE_28-_-_S_2024-01-04_13_14_18_385_crash_141.mp4,n
148_SE_28-_-_S_2024-01-04_13_14_18_385_crash_240.mp4,n
148_SE_28-_-_S_2024-01-04_13_14_18_385_crash_369.mp4,n
148_SE_28-_-_S_2024-03-17_19_10_39_016_crash_141.mp4,n
148_SE_28-_-_S_2024-03-17_19_10_39_016_crash_477.mp4,n
148_SE_28-_-_S_2024-03-17_19_10_39_016_crash_768.mp4,n
148_SE_28-_-_S_2024-03-17_19_10_39_016_crash_809.mp4,n
148_SE_28-_-_S_2024-03-17_19_10_39_016_crash_856.mp4,n
148_SE_28-_-_S_2024-03-17_19_10_39_016_crash_989.mp4,n
148_SE_28-_-_S_2024-03-17_19_10_39_016_crash_993.mp4,n
148_SE_28-_-_S_2024-03-17_19_10_39_016_crash_1317.mp4,n
148_SE_28-_-_S_2024-03-17_19_10_39_016_crash_1318.mp4,n
148_SE_28-_-_S_2024-03-17_19_10_39_016_crash_1326.mp4,n
148_SE_28-_-_S_2024-03-17_19_10_39_016_crash_1345.mp4,n
148_SE_28-_-_S_2024-03-17_19_10_39_016_crash_1559.mp4,n
148_SE_28-_-_S_2024-03-17_19_10_39_016_crash_1584.mp4,n
148_SE_28-_-_S_2024-03-17_19_10_39_016_crash_1634.mp4,n
148_SE_28-_-_S_2024-03-17_19_10_39_016_crash_1662.mp4,n
148_SE_28-_-_S_2024-03-17_19_10_39_016_crash_1705.mp4,n
148_SE_28-_-_S_2024-03-17_19_10_39_016_crash_2448.mp4,n
148_SE_28-_-_S_2024-03-17_19_10_39_016_crash_3538.mp4,n
148_SE_28-_-_S_2024-03-17_19_10_39_016_crash_4251.mp4,n
148_SE_28-_-_W_2023-08-04_14_23_45_943_crash_76.mp4,d
148_SE_28-_-_W_2023-08-04_14_23_45_943_crash_85.mp4,d
148_SE_28_-_Center_2024-07-29_11_49_37_747_crash_76.mp4,n
148_SE_28_-_N_2024-07-29_11_49_37_747_crash_117.mp4,c
148_SE_28_-_N_2024-07-29_11_49_37_747_crash_134.mp4,d
148_SE_28_-_S_2024-07-29_11_49_37_747_crash_61.mp4,n
148_SE__24_-_S_2024-06-01_23_05_04_268_crash_500.mp4,n
148_SE_Lake_Hills_-_E_2024-07-29_18_41_47_570_crash_810.mp4,n
148_SE_Lake_Hills_-_E_2024-07-29_18_41_47_570_crash_887.mp4,n
148_SE_Lake_Hills_-_E_2024-07-29_18_41_47_570_crash_1330.mp4,n
148_SE_Lake_Hills_-_E_2024-07-29_18_41_47_570_crash_1339.mp4,d
148_SE_Lake_Hills_-_E_2024-08-13_10_31_32_199_crash_15.mp4,n
148_SE_Lake_Hills_-_S_2024-07-18_11_05_06_371_crash_34.mp4,n
148_SE_Lake_Hills_-_S_2024-07-18_11_05_06_371_crash_44.mp4,n
148_SE_Lake_Hills_-_S_2024-07-29_18_41_47_570_crash_820.mp4,n
148_SE_Lake_Hills_-_S_2024-07-29_18_41_47_570_crash_863.mp4,n
148_SE_Lake_Hills_-_S_2024-07-29_18_41_47_570_crash_1097.mp4,n
148_SE_Lake_Hills_-_S_2024-07-29_18_41_47_570_crash_1293.mp4,n
148_SE_Lake_Hills_-_W_2024-07-29_18_41_47_570_crash_197.mp4,n
148_SE_Lake_Hills_-_W_2024-07-29_18_41_47_570_crash_969.mp4,n
148_SE_Lake_Hills_-_W_2024-07-29_18_41_47_570_crash_1263.mp4,n
148_SE_Lake_Hills_-_W_2024-07-29_18_41_47_570_crash_1320.mp4,n
150___SE_37_-_Center_2023-04-05_18_24_25_409_crash_25.mp4,n
150___SE_37_-_Center_2023-07-19_16_46_17_532_crash_39.mp4,c
150___SE_37_-_Center_2023-07-19_16_46_17_532_crash_419.mp4,n
150___SE_37_-_Center_2023-07-19_16_46_17_532_crash_502.mp4,n
150___SE_37_-_Center_2023-07-19_16_46_17_532_crash_560.mp4,n
150___SE_37_-_Center_2023-07-19_16_46_17_532_crash_612.mp4,d
150___SE_37_-_E_2023-07-19_16_46_17_532_crash_25.mp4,n
150___SE_37_-_W_2023-07-19_16_46_17_532_crash_15.mp4,n
150___SE_37_-_W_2023-07-19_16_46_17_532_crash_389.mp4,n
150___SE_37_-_W_2023-07-19_16_46_17_532_crash_481.mp4,n
150___SE_37_-_W_2023-07-19_16_46_17_532_crash_483.mp4,n
150___SE_38_-_W-_2023-05-12_13_44_47_419_crash_552.mp4,n
150___SE_38_-_W-_2023-05-12_13_44_47_419_crash_553.mp4,n
150_SE_37_-_Center_2024-07-24_09_10_38_087_crash_75.mp4,n
150_SE_37_-_Center_2024-11-14_09_21_12_844_crash_137.mp4,n
150_SE_37_-_W_2024-11-14_09_21_12_844_crash_115.mp4,c
150_SE_38_-_Center_2025-04-16_08_38_25_538_crash_93.mp4,n
150_SE_38_-_Center_2025-04-16_08_38_25_538_crash_111.mp4,n
150_SE_38_-_Center_2025-04-16_08_38_25_538_crash_155.mp4,n
150_SE_38_-_N_2025-01-31_18_44_40_788_crash_14.mp4,n
150_SE_38_-_N_2025-01-31_18_44_40_788_crash_99.mp4,n
150_SE_38_-_N_2025-01-31_18_44_40_788_crash_105.mp4,n
150_SE_38_-_N_2025-01-31_18_44_40_788_crash_169.mp4,n
150_SE_38_-_N_2025-01-31_18_44_40_788_crash_171.mp4,n
150_SE_38_-_N_2025-01-31_18_44_40_788_crash_266.mp4,n
150_SE_38_-_N_2025-01-31_18_44_40_788_crash_268.mp4,n
150_SE_38_-_N_2025-04-16_08_38_25_538_crash_6.mp4,n
150_SE_38_-_N_2025-04-16_08_38_25_538_crash_12.mp4,n
150_SE_38_-_N_2025-04-16_08_38_25_538_crash_97.mp4,n
150_SE_38_-_N_2025-04-16_08_38_25_538_crash_133.mp4,n
150_SE_38_-_N_2025-04-16_08_38_25_538_crash_198.mp4,n
150_SE_38_-_N_2025-04-16_08_38_25_538_crash_205.mp4,n
150_SE_38_-_S_2024-11-08_18_33_17_305_crash_101.mp4,n
150_SE_38_-_S_2024-11-08_18_33_17_305_crash_103.mp4,n
150_SE_38_-_S_2024-11-08_18_33_17_305_crash_156.mp4,n
150_SE_38_-_S_2024-11-08_18_33_17_305_crash_190.mp4,n
150_SE_38_-_S_2024-11-08_18_33_17_305_crash_339.mp4,n
150_SE_38_-_S_2024-11-08_18_33_17_305_crash_349.mp4,d
150_SE_38_-_S_2024-11-08_18_33_17_305_crash_558.mp4,n
150_SE_38_-_S_2024-11-08_18_33_17_305_crash_632.mp4,n
150_SE_38_-_S_2025-04-16_08_38_25_538_crash_101.mp4,c
150_SE_38_-_S_2025-04-16_08_38_25_538_crash_103.mp4,n
150_SE_Eastgate_-_Center_2024-01-25_17_36_00_406_crash_97.mp4,n
150_SE_Eastgate_-_Center_2024-01-25_17_36_00_406_crash_101.mp4,n
150_SE_Eastgate_-_Center_2024-01-25_17_36_00_406_crash_144.mp4,c
150_SE_Eastgate_-_E_2024-11-04_17_34_21_443_crash_304.mp4,n
150_SE_Newport_Wy_-_Center-_2024-05-17_21_34_22_730_crash_53.mp4,c
156___Bel-Red_-_S_2023-03-14_15_56_50_570_crash_33.mp4,n
156___Bel-Red_-_S_2023-03-14_15_56_50_570_crash_109.mp4,c
156___Bel-Red_-_S_2023-06-27_14_35_06_164_crash_106.mp4,c
156___NE_8_-_N_2023-01-19_17_30_37_781_crash_29.mp4,c
156___NE_8_-_W_2023-01-19_17_30_37_781_crash_32.mp4,c
156_Bel-Red_-_E_2024-05-10_22_06_09_556_crash_30.mp4,n
156_Bel-Red_-_E_2024-05-10_22_06_09_556_crash_269.mp4,d
156_Bel-Red_-_E_2024-10-16_15_56_05_930_crash_547.mp4,n
156_Bel-Red_-_E_2024-10-16_15_56_05_930_crash_647.mp4,n
156_Bel-Red_-_S_2024-10-16_15_56_05_930_crash_149.mp4,n
156_Bel-Red_-_S_2024-10-16_15_56_05_930_crash_171.mp4,n
156_Bel-Red_-_S_2024-10-16_15_56_05_930_crash_189.mp4,n
156_Bel-Red_-_S_2024-10-16_15_56_05_930_crash_241.mp4,n
156_Bel-Red_-_S_2024-10-16_15_56_05_930_crash_291.mp4,n
156_Bel-Red_-_S_2024-10-16_15_56_05_930_crash_302.mp4,n
156_Bel-Red_-_S_2024-10-16_15_56_05_930_crash_309.mp4,n
156_Bel-Red_-_S_2024-10-16_15_56_05_930_crash_431.mp4,c
156_NE_8_-_E_2024-08-07_13_52_59_610_crash_103.mp4,c
156_NE_8_-_N_2024-08-07_13_52_59_610_crash_32.mp4,n
156_NE_8_-_W_2024-08-07_13_52_59_610_crash_101.mp4,n
156_NE_13-_-_Center_-_S_2024-10-23_22_54_41_408_crash_168.mp4,d
156_NE_13-_-_Center_-_S_2024-10-23_22_54_41_408_crash_170.mp4,d
156_NE_13-_-_Center_-_S_2024-10-23_22_54_41_408_crash_377.mp4,n
156_NE_13-_-_Center_-_S_2024-10-23_22_54_41_408_crash_542.mp4,n
156_NE_13-_-_E_2024-10-23_22_54_41_408_crash_360.mp4,n
156_NE_13-_-_E_2024-10-23_22_54_41_408_crash_599.mp4,n
156_NE_13-_-_E_2024-10-23_22_54_41_408_crash_605.mp4,n
156_NE_13-_-_N_2024-10-23_22_54_41_408_crash_507.mp4,n
156_NE_13-_-_W_2024-10-23_22_54_41_408_crash_289.mp4,c
156_NE_24-_-_Center_-_S_2023-12-05_19_56_48_388_crash_166.mp4,n
156_NE_24-_-_Center_-_S_2023-12-05_19_56_48_388_crash_958.mp4,n
156_NE_24_-_Center_-_S_2024-07-31_12_05_15_530_crash_110.mp4,c
156_NE_24_-_Center_-_S_2024-10-11_10_42_03_628_crash_6.mp4,d
156_NE_24_-_W_2024-07-31_12_05_15_530_crash_171.mp4,c
156_NE_24_-_W_2024-10-11_10_42_03_628_crash_15.mp4,d
156_NE_24_-_W_2024-10-11_10_42_03_628_crash_24.mp4,n
156_NE_Main_-_Center_2024-02-06_16_14_00_585_crash_65.mp4,c
156_NE_Main_-_Center_2024-02-06_16_14_00_585_crash_311.mp4,n
156_NE_Main_-_Center_2024-02-06_16_14_00_585_crash_328.mp4,d
156_NE_Main_-_Center_2024-11-04_07_48_10_340_crash_26.mp4,n
156_NE_Main_-_Center_2024-11-04_07_48_10_340_crash_34.mp4,c
156_NE_Main_-_N_2024-02-06_16_14_00_585_crash_47.mp4,n
156_NE_Main_-_N_2024-02-06_16_14_00_585_crash_68.mp4,c
156_NE_Northup_-_Center_2024-05-21_17_42_23_180_crash_71.mp4,c
156_NE_Northup_-_Center_2024-05-21_17_42_23_180_crash_79.mp4,n
156_NE_Northup_-_Center_2024-09-09_20_34_37_006_crash_40.mp4,n
156_NE_Northup_-_Center_2024-09-09_20_34_37_006_crash_47.mp4,n
156_NE_Northup_-_Center_2024-09-09_20_34_37_006_crash_62.mp4,n
156_NE_Northup_-_Center_2024-09-09_20_34_37_006_crash_96.mp4,n
156_NE_Northup_-_Center_2024-09-09_20_34_37_006_crash_107.mp4,n
156_NE_Northup_-_Center_2024-09-09_20_34_37_006_crash_119.mp4,c
156_NE_Northup_-_Center_2024-09-09_20_34_37_006_crash_121.mp4,n
156_NE_Northup_-_Center_2024-09-09_20_34_37_006_crash_136.mp4,n
156_NE_Northup_-_Center_2024-09-09_20_34_37_006_crash_229.mp4,d
156_NE_Northup_-_Center_2024-09-09_20_34_37_006_crash_240.mp4,d
156_NE_Northup_-_Center_2024-09-11_21_48_57_816_crash_302.mp4,c
156_NE_Northup_-_Center_2024-09-11_21_48_57_816_crash_453.mp4,d
156_NE_Northup_-_Center_2024-09-11_21_48_57_816_crash_489.mp4,n
156_NE_Northup_-_Center_2024-09-11_21_48_57_816_crash_493.mp4,d
156_NE_Northup_-_N_2024-05-21_17_42_23_180_crash_151.mp4,n
156_NE_Northup_-_N_2024-05-21_17_42_23_180_crash_152.mp4,n
156_NE_Northup_-_N_2024-10-28_17_21_31_512_crash_48.mp4,n
156_NE_Northup_-_N_2025-05-28_07_38_45_865_crash_99.mp4,c
156_NE_Northup_-_S_2024-09-09_20_34_37_006_crash_29.mp4,n
156_NE_Northup_-_S_2024-09-09_20_34_37_006_crash_119.mp4,c
156_NE_Northup_-_S_2024-09-09_20_34_37_006_crash_248.mp4,d
156_NE_Northup_-_S_2025-05-28_07_38_45_865_crash_6.mp4,n
156_NE_Northup_-_S_2025-05-28_07_38_45_865_crash_25.mp4,n
156_NE_Northup_-_S_2025-05-28_07_38_45_865_crash_26.mp4,n
156_NE_Northup_-_W_2024-09-09_20_34_37_006_crash_191.mp4,n
156_NE_Northup_-_W_2024-09-09_20_34_37_006_crash_251.mp4,n
156_NE_Northup_-_W_2024-09-09_20_34_37_006_crash_260.mp4,d
156_NE_Northup_-_W_2024-09-09_20_34_37_006_crash_315.mp4,d
156_NE_Northup_-_W_2024-09-09_20_34_37_006_crash_319.mp4,d
156_NE_Northup_-_W_2024-09-09_20_34_37_006_crash_320.mp4,d
156_NE_Northup_-_W_2025-05-28_07_38_45_865_crash_20.mp4,n
156_NE_Northup_-_W_2025-05-28_07_38_45_865_crash_51.mp4,n
156_NE_Northup_-_W_2025-05-28_07_38_45_865_crash_176.mp4,n
156_SE_Eastgate_-_Center_2023-08-29_12_53_45_460_crash_165.mp4,c
158_NE_8_-_E_2023-09-05_10_46_28_881_crash_142.mp4,c
158_NE_8_-_E_2024-04-02_09_13_57_448_crash_84.mp4,c
158_NE_8_-_N_2024-06-25_12_55_21_259_crash_162.mp4,n
158_NE_8_-_W_2024-04-02_09_13_57_448_crash_82.mp4,c
161_SE_Eastgate_-_S_2024-01-10_17_32_02_174_crash_123.mp4,c
164___NE_8_-_S_2023-03-20_13_51_14_364_crash_16.mp4,n
164___NE_8_-_S_2023-12-21_09_11_55_661_crash_81.mp4,c
164___Northup_-_Center_2023-10-26_14_30_52_771_crash_160.mp4,c
10500Blk_NE_10-_-_E_2024-03-19_16_59_40_247_crash_87.mp4,n
ACC_Export-2023-08-22_03.16.40.079_PM_crash_245.mp4,n
Bel-Red___NE_20_-_E_2024-01-18_20_40_40_749_crash_128.mp4,d
Bel-Red___NE_20_-_NE_2024-01-18_20_40_40_749_crash_134.mp4,n
Bel-Red_NE_24-_-_Center_2024-06-06_14_01_07_829_crash_17.mp4,n
Bel-Red_NE_24-_-_S_2023-10-21_22_57_00_383_crash_81.mp4,c
Bel-Red_NE_24-_-_S_2024-06-06_14_01_07_829_crash_27.mp4,n
Bel-Way_108_-_N_2024-11-16_21_16_04_675_crash_100.mp4,c
Bel-Way_108_-_N_2024-11-16_21_16_04_675_crash_105.mp4,c
Bel-Way___Wolverine_Way_-_N_2024-02-29_17_00_54_751_crash_120.mp4,n
Bel-Way_NE_2_-_Center_2024-09-30_20_46_57_395_crash_93.mp4,c
Bel-Way_NE_2_-_Center_2025-04-25_12_33_10_638_crash_97.mp4,c
Bel-Way_NE_2_-_S_2024-09-30_20_46_57_395_crash_92.mp4,c
Bel-Way_NE_2_-_S_2025-04-25_12_33_10_638_crash_121.mp4,c
Bel-Way_NE_2_-_S_2025-04-25_12_33_10_638_crash_129.mp4,c
Bel-Way_NE_4_-_Center_2024-10-27_20_10_28_508_crash_38.mp4,n
Bel-Way_NE_6_-_S_2024-09-03_10_04_01_485__2__crash_798.mp4,n
Bel-Way_NE_6_-_S_2024-09-03_10_04_01_485_crash_798.mp4,n
Bel-Way_NE_7_-_E_2024-11-16_15_24_46_696_crash_42.mp4,n
Bel-Way_NE_7_-_N_2024-11-16_15_24_46_696_crash_74.mp4,n
Bel-Way_NE_7_-_S_2024-11-16_15_24_46_696_crash_127.mp4,c
Bel-Way_NE_8_-_Center_2025-01-24_08_51_55_430_crash_45.mp4,n
Bel-Way_NE_8_-_Center_2025-01-24_08_51_55_430_crash_216.mp4,n
Bel-Way_NE_10_-_Center_2024-10-28_10_00_12_658_crash_444.mp4,n
Bel-Way_NE_10_-_N_2024-10-28_10_00_12_658_crash_154.mp4,c
Bel-Way_NE_10_-_W_2024-10-28_10_00_12_658_crash_279.mp4,n
Bel-Way_NE_12_-_Center_2023-12-06_08_12_35_866_crash_44.mp4,n
Bel-Way_NE_12_-_Center_2023-12-06_08_12_35_866_crash_58.mp4,c
Bel-Way_NE_12_-_E_2025-06-09_07_51_52_088_crash_128.mp4,c
Bel-Way_NE_12_-_NE_2023-05-16_11_43_57_842_crash_122.mp4,c
Bel-Way_NE_12_-_NE_2023-05-16_11_43_57_842_crash_127.mp4,n
Bel-Way_NE_12_-_S_2025-06-09_07_51_52_088_crash_11.mp4,n
Bel-Way_NE_24_-_Center_2025-05-02_14_58_42_720_crash_114.mp4,c
Bel-Way_NE_24_-_E_2024-03-03_11_02_17_574_crash_1214.mp4,n
Bel-Way_NE_Main-_-_Center_2023-06-10_11_14_23_814_crash_53.mp4,c
Bel-Way_NE_Main_-_N_2025-03-26_08_04_51_121_crash_172.mp4,c
Bel-Way_NE_Northup-_-_Center_2023-03-05_15_10_29_040_crash_61.mp4,n
Bel-Way_P_R_Central_Access_-_Center_-_S_2024-10-01_21_59_27_515_crash_256.mp4,n
Bel-Way_P_R_South_-_Center_-_S_2024-07-18_15_08_17_562_crash_126.mp4,c
Bel-Way_P_R_South_-_N_2024-07-18_15_08_17_562_crash_51.mp4,n
Bel-Way_SE_8_-_Center_2024-09-11_16_23_00_246_crash_126.mp4,c
Bel-Way_SE_8_-_N_2024-09-11_16_23_00_246_crash_174.mp4,c
Bel-Way_SE_8_-_N_2024-09-11_16_23_00_246_crash_490.mp4,n
Bel-Way_SE_8_-_S_2024-09-11_16_23_00_246_crash_170.mp4,c
Bel-Way_SE_10_-_Center_2024-03-26_08_49_58_976_crash_284.mp4,c
Bel-Way_SE_112_-_Center_-_E_2025-02-11_08_38_47_987_crash_248.mp4,n
Bel-Way_SE_112_-_W_2024-07-10_16_38_07_338_crash_37.mp4,n
Bel-Way_SR_520__EB__-_Center_2024-03-02_18_57_30_186_crash_48.mp4,c
Coal-Creek_119_-_W_2024-09-14_15_05_48_282_crash_1365.mp4,n
Coal-Creek_124_-_Center_2025-01-21_09_52_53_873_crash_127.mp4,c
Coal-Creek_124_-_Center_2025-01-21_09_52_53_873_crash_131.mp4,c
Coal-Creek_124_-_E_2024-06-08_10_41_53_078_crash_254.mp4,n
Coal-Creek_124_-_N_2025-01-21_09_52_53_873_crash_89.mp4,c
Coal-Creek_124_-_N_2025-01-21_09_52_53_873_crash_91.mp4,c
Coal-Creek_124_-_N_2025-01-21_09_52_53_873_crash_109.mp4,d
Coal-Creek_124_-_N_2025-01-21_09_52_53_873_crash_112.mp4,d
Coal-Creek_124_-_W_2025-01-21_09_52_53_873_crash_113.mp4,c
Coal-Creek___119-_-_Center_2024-03-29_07_31_09_680_crash_152.mp4,n
Coal-Creek___119-_-_Center_-_W_2025-02-28_08_08_10_714_crash_48.mp4,d
Coal-Creek___119-_-_Center_-_W_2025-02-28_08_08_10_714_crash_72.mp4,n
Coal-Creek___119-_-_Center_-_W_2025-02-28_08_08_10_714_crash_115.mp4,n
Coal-Creek___119-_-_Center_-_W_2025-02-28_08_08_10_714_crash_154.mp4,n
Coal-Creek___119-_-_E_2025-02-28_08_08_10_714_crash_47.mp4,n
Coal-Creek___119-_-_N_2025-02-28_08_08_10_714_crash_49.mp4,n
Coal-Creek___119-_-_N_2025-02-28_08_08_10_714_crash_79.mp4,c
Coal-Creek___119-_-_N_2025-02-28_08_08_10_714_crash_195.mp4,d
Coal-Creek___124_-_W_2023-07-05_09_13_11_388_crash_90.mp4,c
Coal-Creek___124_-_W_2023-07-05_09_13_11_388_crash_112.mp4,d
Coal-Creek___124_-_W_2024-02-02_07_04_28_307_crash_37.mp4,n
Coal-Creek___124_-_W_2024-02-02_07_04_28_307_crash_55.mp4,d
Coal-Creek_Factoria-_NE_2024-08-29_09_36_08_604_crash_50.mp4,n
Coal-Creek_Factoria-_NE_2024-08-29_09_36_08_604_crash_119.mp4,c
Coal-Creek_Factoria_-_Center_-_N_2024-05-16_07_52_30_194_crash_105.mp4,n
Coal-Creek_Factoria_-_Center_-_N_2024-05-16_07_52_30_194_crash_157.mp4,n
Coal-Creek_Factoria_-_Center_-_N_2024-08-29_09_36_08_604_crash_89.mp4,n
Coal-Creek_Factoria_-_Center_-_N_2024-10-30_14_12_02_530_crash_72.mp4,n
Coal-Creek_Factoria_-_Center_-_N_2024-10-30_14_12_02_530_crash_158.mp4,n
Coal-Creek_Factoria_-_Center_-_N_2024-10-30_14_12_02_530_crash_220.mp4,n
Coal-Creek_Factoria_-_SE_2024-05-16_07_52_30_194_crash_120.mp4,n
Coal-Creek_Factoria_-_SE_2024-05-16_07_52_30_194_crash_180.mp4,n
Coal-Creek_Factoria_-_SE_2024-05-16_07_52_30_194_crash_184.mp4,n
Coal-Creek_Factoria_-_SE_2024-05-16_07_52_30_194_crash_192.mp4,n
Coal-Creek_Factoria_-_SE_2024-07-10_12_33_53_103_crash_202.mp4,n
Coal-Creek_Factoria_-_SE_2024-07-10_12_33_53_103_crash_206.mp4,n
Coal-Creek_Factoria_-_SE_2024-08-29_09_36_08_604_crash_140.mp4,d
Coal-Creek_I-405_SB_Ramp_-_Center_2024-09-12_10_02_27_538_crash_22.mp4,n
Coal-Creek_I-405_SB_Ramp_-_Center_2024-09-12_10_02_27_538_crash_178.mp4,n
Coal-Creek_I-405_SB_Ramp_-_E_2024-09-12_10_02_27_538_crash_130.mp4,n
Coal-Creek_I-405_SB_Ramp_-_E_2024-09-12_10_02_27_538_crash_205.mp4,n
Coal-Creek_I-405_SB_Ramp_-_E_2024-09-12_10_02_27_538_crash_306.mp4,n
Coal-Creek_I-405_SB_Ramp_-_E_2024-09-12_10_02_27_538_crash_321.mp4,n
Coal-Creek_I-405_SB_Ramp_-_W_2025-03-11_07_42_26_595_crash_121.mp4,c
Coal_Creek___I-405_SB_Ramp-_-_Center_2024-02-15_12_30_25_519_crash_157.mp4,c
Coal_Creek___SE_66-_-_Center_2023-10-03_06_42_54_857_crash_86.mp4,n
Coal_Creek___SE_66-_-_Center_2023-10-03_06_42_54_857_crash_96.mp4,c
Coal_Creek___SE_66-_-_N_2024-03-12_08_47_26_346_crash_87.mp4,n
Coal_Creek___SE_66-_-_N_2024-03-12_08_47_26_346_crash_119.mp4,c
Coal_Creek_Forest_-_E_2024-10-22_06_33_19_135_crash_166.mp4,n
Coal_Creek_Forest_-_S_2024-04-16_06_33_19_656_crash_108.mp4,n
Coal_Creek_Forest_-_S_2024-10-22_06_33_19_135_crash_129.mp4,c
Coal_Creek_Forest_-_S_2024-10-22_06_33_19_135_crash_130.mp4,c
Coal_Creek_Forest_-_S_2024-10-22_06_33_19_135_crash_153.mp4,d
Coal_Creek_SE_60_-_Center_2024-06-21_15_13_36_055_crash_105.mp4,c
Coal_Creek_SE_60_-_Center_2024-06-21_15_13_36_055_crash_130.mp4,d
Coal_Creek_SE_60_-_Center_2024-10-30_13_07_40_510_crash_142.mp4,d
Coal_Creek_SE_60_-_Center_2025-04-24_14_47_28_078_crash_136.mp4,c
Coal_Creek_SE_60_-_S_2024-06-21_15_13_36_055_crash_119.mp4,c
Coal_Creek_SE_60_-_S_2024-06-21_15_13_36_055_crash_141.mp4,d
Coal_Creek_SE_60_-_S_2025-04-24_14_47_28_078_crash_125.mp4,c
Coal_Creek_SE_60_-_W_2024-06-21_15_13_36_055_crash_104.mp4,c
Coal_Creek_SE_60_-_W_2024-06-21_15_13_36_055_crash_131.mp4,d
Coal_Creek_SE_60_-_W_2025-04-24_14_47_28_078_crash_114.mp4,c
Coal_Creek_SE_66_-_Center_2024-04-05_14_48_58_154_crash_148.mp4,c
Coal_Creek_SE_66_-_Center_2024-04-05_14_48_58_154_crash_174.mp4,c
Coal_Creek_SE_66_-_Center_2024-04-05_14_48_58_154_crash_185.mp4,n
Coal_Creek_SE_66_-_Center_2024-10-03_18_51_59_066_crash_86.mp4,n
Coal_Creek_SE_66_-_Center_2024-10-03_18_51_59_066_crash_87.mp4,n
Coal_Creek_SE_66_-_Center_2024-10-03_18_51_59_066_crash_176.mp4,n
Coal_Creek_SE_66_-_Center_2024-10-03_18_51_59_066_crash_317.mp4,n
Coal_Creek_SE_66_-_Center_2024-10-03_18_51_59_066_crash_391.mp4,n
Coal_Creek_SE_66_-_Center_2024-12-30_09_57_12_343_crash_134.mp4,c
Coal_Creek_SE_66_-_E_2024-10-03_18_51_59_066_crash_264.mp4,n
Coal_Creek_SE_66_-_E_2024-10-03_18_51_59_066_crash_316.mp4,n
Coal_Creek_SE_66_-_E_2024-12-30_09_57_12_343_crash_126.mp4,n
Coal_Creek_SE_66_-_N_2024-04-18_09_06_53_434_crash_132.mp4,n
Coal_Creek_SE_66_-_N_2024-10-03_18_51_59_066_crash_63.mp4,n
Coal_Creek_SE_66_-_N_2024-10-03_18_51_59_066_crash_73.mp4,n
Coal_Creek_SE_66_-_N_2024-10-03_18_51_59_066_crash_77.mp4,n
Coal_Creek_SE_66_-_N_2024-10-03_18_51_59_066_crash_275.mp4,n
Coal_Creek_SE_66_-_N_2024-10-03_18_51_59_066_crash_377.mp4,n
Coal_Creek_SE_66_-_N_2024-10-03_18_51_59_066_crash_395.mp4,n
Coal_Creek_SE_66_-_N_2024-10-03_18_51_59_066_crash_398.mp4,n
Coal_Creek_SE_66_-_N_2024-10-03_18_51_59_066_crash_400.mp4,n
Coal_Creek_SE_66_-_N_2024-10-03_18_51_59_066_crash_415.mp4,n
Coal_Creek_SE_66_-_N_2024-12-30_09_57_12_343_crash_89.mp4,c
Factoria___Newport-_-_S_2023-01-18_14_08_06_896_crash_56.mp4,n
Factoria___Newport-_-_S_2023-01-18_14_08_06_896_crash_65.mp4,n
Factoria___Newport-_-_S_2023-01-18_14_08_06_896_crash_74.mp4,n
Factoria___Newport-_-_S_2023-01-18_14_08_06_896_crash_78.mp4,n
Factoria___Newport-_-_S_2023-01-18_14_08_06_896_crash_79.mp4,n
Factoria___SE_36_-_N_2023-06-02_22_57_13_552_crash_23.mp4,n
Factoria___SE_36_-_N_2024-02-04_15_40_14_587_crash_50.mp4,n
Factoria___SE_36_-_N_2024-02-04_15_40_14_587_crash_83.mp4,c
Factoria___SE_36_-_N_2024-02-04_15_40_14_587_crash_88.mp4,c
Factoria___SE_36_-_S_2024-02-29_18_54_23_982_crash_224.mp4,n
Factoria___SE_40_-_Center_2023-06-21_12_29_42_959_crash_100.mp4,c
Factoria_SE_36_-_N_2024-11-04_16_04_00_978_crash_95.mp4,n
Factoria_SE_36_-_N_2025-02-05_15_50_02_464_crash_100.mp4,n
Factoria_SE_36_-_N_2025-02-05_15_50_02_464_crash_102.mp4,n
Factoria_SE_36_-_N_2025-02-05_15_50_02_464_crash_149.mp4,c
Factoria_SE_38-_-_Center_-N_2023-03-26_14_35_51_432__2__crash_1107.mp4,n
Factoria_SE_38-_-_Center_-N_2023-03-26_14_35_51_432_crash_1107.mp4,n
Factoria_SE_38-_-_E_2023-03-26_14_35_51_432_crash_208.mp4,n
Factoria_SE_38-_-_S_2023-03-26_14_35_51_432_crash_92.mp4,n
Factoria_SE_38-_-_S_2023-03-26_14_35_51_432_crash_193.mp4,n
Factoria_SE_38-_-_S_2023-03-26_14_35_51_432_crash_194.mp4,n
Factoria_SE_38-_-_S_2023-03-26_14_35_51_432_crash_563.mp4,n
Factoria_SE_38-_-_W_2023-03-26_14_35_51_432_crash_207.mp4,n
Factoria_SE_38_-_Center_-N_2024-12-19_10_46_37_699_crash_30.mp4,n
Factoria_SE_38_-_Center_-N_2024-12-19_10_46_37_699_crash_34.mp4,n
Factoria_SE_38_-_E_2024-12-19_10_46_37_699_crash_23.mp4,n
Factoria_SE_38_-_E_2024-12-19_10_46_37_699_crash_24.mp4,n
Factoria_SE_38_-_E_2024-12-19_10_46_37_699_crash_153.mp4,c
Factoria_SE_38_-_E_2024-12-19_10_46_37_699_crash_224.mp4,n
Factoria_SE_38_-_W_2024-12-19_10_46_37_699_crash_28.mp4,n
Factoria_SE_38_-_W_2024-12-19_10_46_37_699_crash_41.mp4,n
Factoria_SE_41_-_Center_2024-09-10_13_06_08_836_crash_136.mp4,c
Factoria_SE_3600Blk_-_Center_2024-07-13_23_29_36_086_crash_177.mp4,n
Factoria_SE_3600Blk_-_Center_2024-07-13_23_29_36_086_crash_375.mp4,d
Factoria_SE_3600Blk_-_N_2024-07-13_23_29_36_086_crash_319.mp4,n
Factoria_SE_3600Blk_-_N_2024-07-13_23_29_36_086_crash_323.mp4,n
Factoria_SE_3600Blk_-_W_2024-07-13_23_29_36_086_crash_124.mp4,n
Factoria_SE_3600Blk_-_W_2024-07-13_23_29_36_086_crash_201.mp4,d
Factoria_SE_3600Blk_-_W_2024-07-13_23_29_36_086_crash_375.mp4,n
I-405_NB__NE_4_-_Center_-_N_2023-12-02_15_18_00_140_crash_213.mp4,n
I-405_NB__NE_4_-_Center_-_N_2023-12-02_15_18_00_140_crash_537.mp4,n
I-405_NB__NE_4_-_Center_-_N_2024-10-24_19_11_34_071_crash_33.mp4,n
I-405_NB__NE_4_-_Center_-_N_2024-10-24_19_11_34_071_crash_37.mp4,n
I-405_NB__NE_4_-_Center_-_N_2024-10-24_19_11_34_071_crash_162.mp4,n
I-405_NB__NE_4_-_Center_-_N_2024-10-24_19_11_34_071_crash_163.mp4,n
I-405_NB__NE_4_-_W_2024-10-24_19_11_34_071_crash_129.mp4,n
I-405_NB__SE_8_-_NE_2024-04-30_11_43_24_921_crash_463.mp4,n
I-405_NB__SE_8_-_NW_2024-04-30_11_43_24_921_crash_18.mp4,n
I-405_NB__SE_8_-_NW_2024-04-30_11_43_24_921_crash_100.mp4,n
I-405_SB__SE_8-_-_Center_2024-01-08_17_39_16_829_crash_187.mp4,n
I-405_SB__SE_8-_-_Center_2024-01-08_17_39_16_829_crash_203.mp4,c
I-405_SB__SE_8-_-_S_2024-01-08_17_39_16_829_crash_212.mp4,c
I-405_SB__SE_8-_-_S_2024-01-08_17_39_16_829_crash_221.mp4,c
Lakemont_Village_-_N_2024-04-30_07_28_10_654_crash_61.mp4,n
Lk_Hills_Conn_SE_7-8-_-_Center_-_S_2023-07-26_11_18_13_477_crash_55.mp4,n
Lk_Hills_Conn_SE_7-8-_-_Center_-_S_2023-07-26_11_18_13_477_crash_56.mp4,n
Lk_Hills_Conn_SE_7-8-_-_Center_-_S_2023-07-26_11_18_13_477_crash_75.mp4,n
Lk_Hills_Conn_SE_7-8-_-_Center_-_S_2023-07-26_11_18_13_477_crash_125.mp4,n
Lk_Hills_Conn_SE_7-8-_-_Center_-_S_2023-07-26_11_18_13_477_crash_127.mp4,n
Lk_Hills_Conn_SE_7-8-_-_Center_-_S_2024-03-28_15_05_49_904_crash_20.mp4,n
Lk_Hills_Conn_SE_7-8-_-_Center_-_S_2024-03-28_15_05_49_904_crash_131.mp4,n
Lk_Hills_Conn_SE_7-8-_-_W_2024-03-28_15_05_49_904_crash_116.mp4,c
Richards___Eastgate_-_Center_-_S_2024-01-26_15_09_15_517_crash_84.mp4,c
Richards___Eastgate_-_Center_-_S_2024-01-26_15_09_15_517_crash_96.mp4,c
Richards___Eastgate_-_Center_-_S_2024-04-01_17_53_02_655_crash_149.mp4,n
Richards_Eastgate_-_Center_-_S_2024-10-30_14_21_24_851_crash_155.mp4,c
Richards_Lk_Hill_Conn_-_NW_2025-03-18_11_36_20_685_crash_257.mp4,n
Richards_Lk_Hill_Conn_-_SE_2025-03-18_11_36_20_685_crash_320.mp4,n
Richards_SE_26_-_Center_2024-10-24_16_39_20_362_crash_116.mp4,c
Richards_SE_26_-_Center_2024-10-24_16_39_20_362_crash_707.mp4,n
Richards_SE_26_-_E_2024-10-24_16_39_20_362_crash_707.mp4,n
Richards_SE_26_-_N_2024-04-25_09_55_10_202_crash_206.mp4,n
Richards_SE_26_-_N_2024-10-24_16_39_20_362_crash_48.mp4,n
Richards_SE_26_-_N_2024-10-24_16_39_20_362_crash_102.mp4,c
Richards_SE_26_-_N_2024-10-24_16_39_20_362_crash_107.mp4,n
Richards_SE_26_-_N_2024-10-24_16_39_20_362_crash_110.mp4,c
Richards_SE_26_-_N_2024-10-24_16_39_20_362_crash_326.mp4,n
Richards_SE_26_-_N_2024-10-24_16_39_20_362_crash_360.mp4,n
Richards_SE_26_-_N_2024-10-24_16_39_20_362_crash_720.mp4,n
Richards_SE_26_-_S_2024-04-25_09_55_10_202_crash_101.mp4,d
Richards_SE_26_-_S_2024-10-24_16_39_20_362_crash_121.mp4,c
Richards_SE_30_-_E_2024-10-14_17_32_54_126_crash_50.mp4,c
Spring_NE_12-_-_Center_2024-11-19_08_25_16_981_crash_162.mp4,n
Spring_NE_12-_-_S_2024-11-19_08_25_16_981_crash_98.mp4,d
Spring_NE_12-_-_S_2024-11-19_08_25_16_981_crash_166.mp4,n
Spring_NE_12-_-_S_2024-11-19_08_25_16_981_crash_168.mp4,n
Spring_NE_12-_-_S_2024-11-19_08_25_16_981_crash_355.mp4,n
Spring_NE_12-_-_S_2024-11-19_08_25_16_981_crash_358.mp4,n
Spring_NE_12-_-_W_2024-11-19_08_25_16_981_crash_169.mp4,n
Spring_NE_12-_-_W_2024-11-19_08_25_16_981_crash_206.mp4,n
Spring_NE_12-_-_W_2024-11-19_08_25_16_981_crash_256.mp4,d
Spring_NE_12-_-_W_2024-11-19_08_25_16_981_crash_498.mp4,n
W_Lk_Samm_I-90_-_S_2024-10-21_15_12_07_102_crash_97.mp4,n
