mean_magnitude,peak_magnitude,mean_variance,peak_variance,label
1.5845435,3.3006258,4.3511047,4.694212,c
0.25802967,0.3082162,3.68641,4.0031996,n
0.16746193,0.2815706,2.5695837,3.3526886,n
0.1950481,0.2589798,2.7324605,3.113977,n
0.19183373,0.3028181,2.6035292,3.0168798,n
0.32798856,0.41371703,4.230412,5.029787,c
0.24480234,0.3238947,4.004395,4.6226363,n
1.0719813,2.1667616,3.2300546,3.7479491,n
6.077808,7.1487617,3.8173099,4.2173643,n
3.5663118,7.820743,2.346737,3.5219836,c
1.6697398,2.6527975,3.3149831,3.6210482,n
1.0201842,2.3593924,3.3777802,3.8435936,n
0.82858545,2.2349744,2.6453593,4.0135646,n
5.1847267,7.9523344,2.4212916,2.8376756,c
7.4328904,14.132747,1.7993648,3.1708128,c
0.31164297,0.9392248,2.681865,3.6616275,c
0.3070514,0.6511741,2.854535,3.8188457,c
1.5764041,3.0804265,1.9577926,2.4346247,n
0.85287505,1.2697687,2.4244416,2.850249,n
2.342502,3.6134036,2.3786602,2.9813912,n
2.1733334,3.6085227,2.3943717,3.7832084,n
1.5656408,2.9173021,2.5114179,3.0662138,n
0.7537421,1.348532,2.899003,3.4227974,n
0.37894222,0.5499791,3.3754287,3.829011,n
0.23896484,3.7224061,3.500551,3.7986574,n
0.8010653,0.92072284,4.081907,4.2887087,n
1.651257,2.2547553,3.3669868,3.8154871,c
0.65736073,1.2903107,3.471293,5.684571,n
1.7982137,4.9422903,3.0818956,3.64589,n
0.051641636,0.1362723,3.2449613,3.7542377,n
1.3622153,2.0644913,3.6899197,3.826698,n
2.2547662,2.8499732,3.8231022,3.9969919,n
0.07617586,0.20627458,3.7329383,4.36854,n
0.24312788,0.55777925,3.071421,3.466673,n
0.041415334,0.11716353,3.6455479,4.274579,n
0.07164746,0.25884375,3.591523,3.9625938,n
0.60331726,1.4196838,2.8689828,3.9475312,n
0.19615042,0.36880058,2.6382143,3.359238,n
4.146395,9.660432,2.461268,3.0830896,n
1.2274384,4.233705,3.9842045,4.478295,n
5.368898,8.08027,3.6348403,4.3380647,n
0.49628046,0.9671031,3.5719428,4.010909,n
2.5182517,6.246235,2.618447,2.9693985,c
3.212081,7.896391,2.6102757,2.9820378,c
2.1623576,3.8149009,2.9390194,3.3277016,n
3.3221653,8.790188,2.4442618,3.0843716,c
4.412522,14.644514,1.8835773,2.755549,n
3.154365,7.197129,2.668942,3.5743299,c
2.9310248,9.963051,2.4123895,2.8636708,c
2.0166268,3.8179734,2.4177709,2.892748,c
1.9287363,3.6606424,2.2529373,3.2957563,c
1.7370254,3.3361075,2.3567193,3.4599938,c
1.7559705,2.270461,2.4299212,2.7648234,c
1.1958127,1.6022382,2.747891,3.2778008,n
1.2622019,2.9387243,3.0045292,3.4993362,n
0.87769496,1.4492097,2.8476973,3.5965455,n
0.69623387,1.068265,3.456809,4.047604,n
4.711621,8.4049635,2.348672,3.414774,c
2.4101372,3.3896523,3.960083,4.385632,c
2.446291,3.459423,3.999611,4.796925,c
1.2900678,2.3287013,3.958704,4.766987,n
0.89264286,1.0404276,3.331778,3.9726577,n
0.41292265,1.0398593,2.8897293,3.3899388,c
0.69029874,1.2511318,4.03673,4.5510383,n
1.6499836,4.5245833,2.3425512,2.8425825,n
1.1334486,2.3127055,2.8474655,3.4577913,n
0.09805589,0.1455817,2.9892988,3.333645,n
0.9919157,1.3734641,2.450472,2.8637483,c
0.43400916,1.0012485,2.4351194,3.0362506,c
0.94790477,1.8414148,4.013808,4.87657,c
0.6334932,1.9437537,4.247821,4.7862496,c
0.44358897,3.833996,3.4533932,3.778494,c
0.12578014,0.48557347,3.1741452,4.743538,n
0.48442763,1.135981,4.221377,4.6920404,n
3.2249854,7.880971,3.8585036,4.2937684,n
2.2339275,3.38311,2.2631588,3.1290076,n
2.9235864,5.2504835,3.0938492,3.500114,n
7.4969482,9.712046,3.8168,4.6153507,c
1.1988277,10.033221,2.1618125,3.3611357,n
0.7207856,0.93553066,2.4741342,3.0094726,n
1.3911245,3.0544052,3.265009,3.6832492,c
1.0547628,1.7947835,2.9867172,3.545273,n
2.5153983,3.2994342,2.5137124,3.5661883,n
0.7716859,1.196554,2.6766493,3.299734,n
2.4786587,3.578639,1.5565645,1.8712903,n
1.1069181,3.273372,3.1448157,3.487868,n
3.0552022,4.7004204,1.7369998,3.566654,n
1.8361772,3.7933373,3.2633672,3.9812694,c
1.1846149,1.440141,2.7026732,3.1314502,n
1.8438859,3.0574985,2.2749689,3.0138466,n
1.3824509,1.879211,2.2317984,2.8791444,c
0.84393144,0.8986174,2.5891008,3.163616,n
2.6319277,4.1227164,3.6963007,4.026416,n
2.189262,2.9697843,2.8656492,3.0123613,n
2.891509,5.314006,2.875397,3.3003547,n
0.7616754,0.9507694,2.6276178,3.1672204,n
2.6838343,2.937776,4.424479,4.8534503,n
2.8303666,2.9686635,3.0087345,3.4950979,n
2.2349775,3.8209562,2.5039992,2.7905583,c
0.7413036,1.0061735,2.818465,3.2436943,c
1.8000644,2.182799,3.3700132,3.7182508,c
0.29382572,0.4116746,3.140564,3.764235,n
3.3348904,4.5119953,4.224427,4.6934786,n
0.75967264,2.9214911,3.3497734,4.2822104,n
1.0274562,1.5866426,2.8685389,3.3411238,n
2.257163,5.592409,3.0147345,3.572515,n
1.231238,3.3183463,2.9863505,3.5638187,n
2.555866,6.477553,3.7942915,4.503406,n
0.07747725,0.23013078,2.7832472,3.206589,n
1.94731,4.8643227,3.6195288,4.02608,c
0.7371184,1.0986171,3.3858411,3.8797967,n
0.6596902,0.8209976,3.3526742,3.8667245,n
1.3293582,1.7081622,3.3587952,3.9404607,n
3.580652,5.741964,3.388737,4.2219353,c
1.1696141,6.149445,2.7138624,3.264376,c
0.51506585,1.6835551,2.6707854,3.2954307,c
1.9382026,2.6937623,3.0812962,3.5558681,n
0.98961776,1.9531502,3.202757,3.4812727,n
2.8758063,9.579503,4.0725822,5.2867637,c
0.29808098,0.6219801,2.6678162,3.199668,n
0.33419675,0.8169886,2.5792964,3.0571077,n
2.500096,4.59803,3.162688,3.5534134,n
3.7644546,4.847569,4.55906,5.1430607,c
5.3337097,8.577891,3.496706,3.9945345,n
3.9059365,5.0627956,3.6590889,4.000813,n
0.33795854,1.1498952,2.9384263,3.143781,n
0.8227089,2.2389193,2.4827313,2.6883707,n
1.4789696,3.3561263,2.1596892,2.4809215,n
3.3525672,8.6195,1.992901,2.3928144,n
1.9327896,6.123382,2.540448,2.908034,n
1.2115158,3.1347842,3.2043407,3.5291705,n
2.0909388,4.1968727,3.9744914,4.7990017,c
2.3639307,6.7473583,2.1667995,2.6587477,n
1.2320946,5.552154,3.6354375,3.9174218,n
6.11321,11.454618,2.0579255,3.3864818,n
0.20043756,0.74018586,2.7823606,3.7223759,n
1.7718358,3.4620473,4.0596285,4.568812,c
0.052977998,0.1316259,3.2286763,3.4922957,n
1.7406759,2.1187143,1.82599,2.1601849,n
3.3003922,4.361722,2.2362835,2.633993,n
3.2318146,5.443751,2.892266,3.6220737,c
2.017252,3.1545548,2.8397427,3.350468,c
6.3506527,16.25915,2.4576926,3.2524326,n
5.69704,15.494806,2.3631432,3.2411675,n
1.892244,5.175066,3.0498168,3.659062,n
1.1608752,3.5287125,3.0896552,3.8704054,n
1.7235247,6.0739064,2.9163713,3.0663388,n
2.1126797,4.278361,3.373503,3.9918242,c
1.0536948,1.157992,1.736337,2.0413158,n
0.7324235,1.8515722,3.4221184,3.8940992,n
2.3187232,3.5769699,3.4051487,4.4433312,c
3.8757403,8.603503,4.1047287,4.9301105,c
3.3369849,6.2610054,1.9890044,4.2275395,n
3.3542867,7.1572547,2.6551926,3.2106104,n
1.977041,4.528016,2.624617,3.2626042,n
1.8486414,4.390433,2.5546336,3.0461638,n
1.5635693,3.5448363,3.0828216,3.946787,n
2.6750152,6.586813,2.862284,3.2845163,n
1.9102209,4.676129,2.1330097,2.8316045,n
1.7849458,4.7871127,2.7905118,3.9397178,n
1.5594519,3.806549,3.0328617,4.5017605,n
1.6214046,4.5758033,2.9800708,3.4529343,n
1.933983,4.724128,2.932559,3.6252735,n
0.5369906,1.0180032,2.751436,3.3234653,n
1.3853925,3.5827484,2.587043,3.5385273,n
1.2873061,2.7209773,2.7227876,3.2584202,n
8.04797,11.536902,4.4458203,5.372688,c
6.790493,13.846678,2.9167001,3.1768496,c
2.6215882,8.673193,2.5191228,3.0297136,c
1.4601756,5.146398,2.8652792,3.444031,c
0.098829634,0.611071,2.8394217,3.4169433,n
1.6023774,5.022629,2.7741737,3.108321,n
1.0320886,1.1589804,4.0166492,4.6772947,n
3.3632922,5.098924,2.2683225,2.5137377,n
1.8310714,2.9642684,2.5848563,2.9216821,n
1.5589024,2.6847997,4.534722,5.1095734,n
1.7714508,3.7493446,2.512784,3.4777803,n
0.2852534,0.8399987,3.3626614,4.8883133,n
0.28752783,0.9748462,3.4709654,7.7790804,n
2.625264,7.1782255,3.419361,6.3765917,n
2.3170447,5.000643,2.7236865,3.671508,n
2.6269696,3.7527459,2.4668748,3.2323515,c
1.3194913,2.855611,2.737218,3.5216596,c
0.15274835,0.31834713,3.030823,7.0710645,n
4.6527915,8.26938,3.554942,4.5464964,n
0.3884395,0.90538776,3.144983,5.4798083,n
0.5586653,1.8598334,3.2355275,4.8655653,n
1.1182344,2.3205888,3.9035065,5.2458067,n
0.142092,0.27862927,3.698641,6.45137,n
0.117602736,0.29159582,2.819516,5.593099,n
1.4912698,3.0261073,2.19815,3.7571337,n
2.6322293,6.005892,3.3929138,4.1504755,n
1.15265,1.5661715,2.0792387,3.2798543,n
1.520458,2.799909,3.0335643,3.8702617,n
1.2638052,2.5901375,2.91443,3.4985778,n
0.8295025,1.7201211,2.3126316,3.1854308,n
0.8711252,1.6745877,3.4217267,5.3449583,n
2.2690504,4.2384152,3.268076,6.3470764,n
1.6100148,2.4897103,2.7980037,4.00045,c
0.39702603,0.62192875,3.0529485,3.704821,n
0.31795904,0.42070982,3.348656,4.2671995,n
1.6333674,2.1161988,2.7668598,3.6564806,c
2.1913133,4.1948543,3.7046025,4.2424736,c
1.2369376,1.7895426,3.899247,4.648555,n
0.8725281,1.7712663,2.7955282,3.1111646,n
1.3912833,3.0382936,2.0284066,2.699479,n
0.047132127,0.095697716,3.3285413,3.5530758,n
0.053296346,0.09637736,3.3277876,3.9356308,n
0.0559608,0.20296732,3.2137249,3.9160275,n
0.037908014,0.10337158,3.331565,3.6951067,n
0.031958107,0.08483476,3.3265133,3.6821532,n
0.36172011,0.72872984,2.4185672,2.7971475,n
0.29245934,0.53920126,2.6727767,3.006558,n
0.56775653,1.0022362,2.451634,2.8138428,n
1.9042618,2.7989624,2.5815685,2.9995017,c
1.3199283,2.4071229,4.15254,4.5928826,n
1.1799688,2.2029972,3.877889,4.4465904,n
1.1257534,1.8293176,3.8874052,4.2256036,n
4.137524,5.4592113,3.5225763,4.082842,n
2.4946017,4.268192,4.573969,5.5067415,c
0.28572324,0.4092757,1.0029596,5.1151323,n
0.56936765,1.2761116,1.982053,5.4135923,n
0.81333494,1.8389316,2.01208,5.3969784,c
0.37538245,1.4662993,2.3194337,4.5700765,c
1.9238722,2.554207,3.2954156,3.660211,n
0.37002835,0.7819493,3.852525,5.099815,n
3.110064,7.6067605,4.91154,5.708029,n
3.5118728,5.342108,3.5610328,4.1309824,n
1.7331982,2.8799515,3.5777977,4.1379967,c
0.7188106,1.567265,3.95636,5.334062,n
0.71198857,2.5147057,4.727594,5.1365576,n
2.367144,4.126706,3.4343295,3.89554,n
2.9947371,6.787561,3.179707,4.6229334,n
0.076439254,0.22371945,3.9287033,6.4708014,n
0.21012609,0.55800754,2.4080737,3.9613595,n
0.6450023,1.3685716,2.2551203,4.318681,n
1.2133203,3.3968093,2.528269,3.911678,n
1.2018343,2.6863961,2.259447,4.087591,n
0.792313,1.8099052,2.370269,5.7049623,n
2.0221424,4.4768944,1.6838434,5.080223,n
1.3379477,3.3657146,1.8357139,5.5746856,n
1.4514996,3.1568832,2.5016363,5.785276,n
1.287746,3.0864997,2.4545121,6.4996634,n
1.2632302,3.051407,1.9052941,5.736881,n
1.0122797,2.630577,1.9229627,5.2862225,n
0.93312883,3.1700256,2.430256,4.764053,n
1.2109115,3.1359484,2.2362573,5.17981,n
0.8579401,2.0906506,2.1734688,4.309847,n
0.62191767,2.0289187,2.6752112,5.011782,n
0.46625537,0.98300964,2.7030017,4.392445,n
1.072838,2.3826296,2.4643464,4.6223626,n
1.4379617,3.5080166,2.0389767,3.912611,n
1.1045799,2.8510742,2.2883987,4.151812,n
1.879381,4.795005,2.3216195,3.0609927,n
0.7246513,3.250226,2.744638,4.908473,n
4.7562437,10.786713,3.002299,3.8301818,n
1.4383367,4.0462174,3.4796977,3.9654279,n
0.707799,1.4683635,4.0553145,4.5280533,n
0.6431722,1.2180061,2.7432992,3.033083,n
0.3022538,0.57254136,4.069749,5.332344,n
1.6292672,3.7296977,2.4122806,3.3635674,n
0.116785556,0.21192662,3.3290045,3.825716,n
0.7771515,2.090717,2.8772187,3.4671013,n
0.041611098,0.12870753,3.353663,3.8343444,n
0.123596735,0.28638157,2.160373,3.0153542,n
0.50738657,1.0442188,2.5163212,2.8826227,n
1.3703895,3.1022084,2.299185,2.508011,n
5.1283126,13.482254,3.4814622,3.7172525,n
5.1384926,13.802611,3.459789,3.7966247,n
0.2462762,0.99887,3.2270782,3.804379,n
4.0107102,10.999846,3.6745567,4.6871057,c
3.7755153,11.37558,3.3953614,4.2478366,c
2.2341588,5.0412807,2.7185972,3.1460574,n
4.2933555,5.4040904,2.2320886,2.8160412,n
0.59077364,1.93253,4.317621,4.8468413,n
0.6393344,1.9393882,4.101987,4.78128,n
0.024865184,0.091208704,3.4880369,4.09207,n
0.06426363,0.22690916,3.5680437,4.086394,n
2.8396757,6.495413,2.2293205,2.8796806,n
6.815255,8.7932415,2.0704174,3.1259713,n
6.280336,8.702813,2.536268,3.107619,n
4.8949857,8.500923,2.1488588,2.8274653,n
2.7786984,7.188683,2.1552334,3.067478,n
2.2193968,5.8707323,2.2731462,2.8580399,n
2.982728,7.5303345,2.1638322,2.9096506,n
1.3066252,4.762081,2.563954,2.9219935,n
1.157638,3.4139264,2.441709,3.26404,n
0.41088814,1.2721585,2.73131,4.2629657,n
0.53207994,1.2179037,2.8493207,3.7806027,n
2.573958,5.4681864,2.136283,2.9571538,n
0.90523744,1.836268,2.990337,3.886617,n
1.3081702,3.0831902,3.081679,3.6684325,n
0.09570032,0.27435046,3.7325609,4.217547,n
5.3165126,9.359549,1.7747242,2.381391,n
0.03167055,0.564363,3.3733692,3.9879394,n
0.2329954,0.53697985,3.325637,3.8650846,n
1.453365,4.6564207,2.4845123,3.0980334,n
2.2711813,5.4476595,2.1290958,2.7570255,n
1.514783,3.9174309,2.835896,3.6811774,n
0.8435426,3.7017126,3.4769754,3.8932548,n
0.50547725,3.52894,3.3454628,3.9184816,n
1.7100925,3.0315778,3.5400403,3.8127775,n
2.2816606,6.782703,2.8934128,3.2513301,n
0.02624341,0.21179985,3.3797946,3.9000285,n
0.9401239,1.6278377,3.0876155,3.3588536,n
1.6053312,2.0817297,2.8730528,3.390777,n
0.14545363,1.0168698,3.2865982,3.595947,n
3.4215102,6.4198422,3.1902943,3.5057092,n
0.06957289,1.2588083,3.2277877,3.6910124,n
4.3639407,8.918945,2.8482416,3.557673,n
0.66322774,2.0882547,3.0840693,3.4935303,n
0.04801825,1.1639967,3.338632,3.7172067,n
5.029512,8.63846,3.5696366,3.765999,n
2.4507895,6.834914,2.4309356,3.1746373,n
8.522141,16.998583,1.5235889,2.4348695,n
7.9794397,15.735135,1.5685585,1.945106,n
3.232341,7.3804455,2.5271525,3.765293,n
1.5049577,3.6385295,1.9338846,2.7058523,n
4.113478,6.0584006,3.162827,3.448964,n
0.75708765,5.7277856,2.8810828,3.3433025,n
1.9915024,4.54103,3.2847905,4.446754,n
3.7446737,10.674444,3.5062873,3.9060116,n
1.3581581,4.7112203,2.9552705,3.359036,n
2.8997526,5.7561626,2.7842984,3.3293786,n
3.5513933,7.651188,1.7148675,2.3790717,n
1.8386091,4.2739305,2.6648412,2.9128258,n
5.6736107,7.052151,4.302476,4.7040143,n
4.7317033,10.012097,2.9573603,3.7300406,c
2.7836502,3.2770708,3.7089002,4.158848,n
1.8832637,2.0807834,2.2595637,2.5947216,n
0.54250586,0.8320219,2.8791502,3.10385,n
2.472399,3.795859,2.5154035,3.6253407,n
1.5111783,2.1190584,2.1005402,2.5328035,n
0.3519777,0.6221485,3.0188408,3.7910745,n
0.30202252,0.36145493,2.7057123,2.8421037,n
0.30595294,0.36305997,2.6390553,2.95618,n
0.40516412,4.3319936,2.8206375,3.6667664,n
0.76949865,3.6118727,3.144426,3.57865,n
1.1216841,1.7897161,2.6614072,3.0685022,n
3.1748455,7.2107706,2.044039,2.4710896,n
1.3051381,2.5266554,2.6039453,3.0987942,n
2.7279367,4.9145207,2.4553237,3.041125,n
2.70455,3.1962273,2.255809,2.6057942,n
1.4883302,2.0303965,2.6703765,3.2335627,n
0.31253958,1.1479955,3.3313236,3.6179006,n
4.3726816,6.6434464,3.7764823,4.042789,c
0.6780599,0.97103393,2.6749122,3.4520254,n
0.25879952,0.7222665,3.4843657,4.115302,n
0.29776213,0.6000396,2.8387194,3.175332,n
0.9857236,2.1779292,3.6730506,4.049936,n
0.7138076,1.8023683,3.1233644,3.5627334,n
1.637599,2.6699164,2.697429,3.1976478,n
2.2368789,3.9030364,2.2653213,2.6821053,n
2.4681377,4.4387937,2.435097,2.934272,n
1.3476485,2.7866166,2.0937932,2.5420325,n
1.6975663,3.4797034,1.8941634,2.3445995,n
1.0139593,2.0442495,2.4010057,2.6566918,n
2.4197748,4.5501995,2.5662568,3.0963757,n
1.3479831,2.6639597,4.3881383,5.08901,c
2.7902107,5.73315,1.7909739,2.188078,n
1.2799728,2.7540898,1.7077396,2.150634,n
1.5875409,2.3342605,3.1927996,3.782935,n
0.07445052,0.16284972,3.0155914,3.9119077,n
0.5016579,1.2755523,2.8254614,3.0898268,n
0.18303339,0.33350208,2.6236105,3.1883762,n
2.2783585,3.6380482,2.3764725,3.0920691,n
3.960178,6.7421637,3.319481,3.8460052,n
5.249513,13.70036,1.6565453,1.9879959,n
6.9066586,9.053427,2.3045356,3.49269,n
0.0950652,6.3077374,3.0697095,3.73827,n
0.09594399,0.28611913,2.8621273,3.606199,n
0.2961051,0.51902246,2.507649,3.1847448,n
2.5944192,5.186592,2.1511097,3.3482656,n
0.23755552,0.5879503,3.0843415,3.6734066,n
0.46663556,0.7631844,3.095533,3.7346976,n
0.08252085,0.21886146,3.1279132,3.5811136,n
0.04527837,0.22953323,3.4333866,3.8610857,n
2.3096778,3.6404142,2.9456658,3.8435075,n
2.6083508,3.9318445,2.9316218,4.11296,n
2.5173717,7.00122,3.871145,4.4863973,n
0.43383858,1.489076,4.1307254,4.35682,n
4.0802517,6.796989,3.691084,4.1140585,n
5.1174397,6.6389427,2.8718803,3.5433593,c
0.70835555,1.4926696,3.0238411,3.7502608,n
0.28345406,0.59552187,2.874295,3.1424184,n
0.29103643,0.7578803,2.8359094,3.1472034,n
1.0819461,4.539564,4.1249967,4.469423,c
1.6457719,1.7783338,2.426841,2.7051945,n
1.6172922,3.1613235,1.768859,3.1972122,c
1.2541697,2.5174804,4.0175824,4.7134995,n
1.7336515,2.9842973,3.4654617,4.3585896,c
2.0686803,5.6335845,3.6028652,4.0749817,c
1.2916528,4.3002815,3.6157105,4.511665,c
1.2877891,2.3019733,3.4186897,4.170697,c
0.21667287,0.4342504,3.125941,3.462927,n
0.1551457,2.1057832,3.0229216,3.4497309,n
2.7697992,3.5071163,3.7018006,3.9806662,n
0.3575283,1.2912788,3.758553,4.035526,n
0.15336168,0.46813494,3.3699448,3.8624473,n
1.816963,2.2911687,3.080047,3.4502678,n
1.2734752,2.7434604,3.0888836,3.6014428,n
0.6588568,0.92245775,3.358381,3.8602848,n
0.95664054,1.3579465,3.5427372,4.1563582,n
0.7692908,2.318632,3.6078367,3.8565822,n
0.51913697,1.1160886,2.9489288,3.613814,c
2.6878262,14.722401,3.0662985,3.800629,c
1.3435524,1.8990066,3.235147,3.8722978,n
0.030414516,0.11424413,3.457049,3.9214165,n
0.2476084,0.68216765,4.556227,5.040155,n
1.6089562,3.4227412,2.8731725,3.08339,n
1.2470112,2.7727664,3.859158,4.1915708,n
1.2298976,2.820046,2.9379885,3.3631043,n
0.9706855,2.3509998,3.025487,3.29383,n
0.85235703,1.9963894,2.8178942,2.9850512,n
3.9420393,7.852005,2.856088,3.089605,c
1.045699,2.1964679,2.8799973,3.3720798,n
1.3860414,3.4622893,2.120547,2.6620448,n
1.1515955,3.3642328,3.2196224,3.6891494,c
1.0657148,2.6131058,3.4001648,4.0922956,c
4.8670893,5.152883,3.8083458,4.218327,n
0.23414266,0.4743588,3.2939124,3.6768808,c
1.5147043,3.5566587,4.416436,4.6450057,n
7.337974,10.816265,3.8107896,4.2077193,n
4.3110995,7.7100954,3.4122758,4.4745336,c
1.9356673,3.9981105,3.074959,3.4175253,n
2.198136,3.451066,3.0005233,4.139226,c
2.2948694,6.840388,3.966398,4.609489,c
2.7259398,6.0380516,4.1874685,4.5479174,n
1.9779068,5.0387444,2.7833812,2.9432786,n
0.512898,1.1112611,2.4368947,3.0483143,n
0.3864483,0.8044526,2.5373416,2.7152314,n
0.92385846,1.9259018,2.6467254,3.05323,n
0.34931734,0.92845815,2.8554018,3.4635277,n
4.9591455,9.945187,4.551041,5.1546435,c
0.28092906,0.55420244,2.4641075,2.8533351,n
0.21030867,0.39914748,2.6995082,3.0765522,n
5.8856983,11.440204,4.3110223,5.539542,c
0.29878044,0.5936589,3.5443218,3.9962707,n
0.279356,1.2067257,4.1269245,4.6252394,n
0.1171697,0.8587719,3.7306123,4.4118996,n
2.4298396,5.3206954,3.6790292,4.1982,n
5.1297374,10.330502,3.8751323,5.4877424,c
1.9836019,4.6577983,2.648031,2.905458,n
4.187224,7.2666817,3.6138184,4.190211,c
4.314885,8.494424,2.536031,3.130162,n
0.52877486,1.7235385,2.9333107,3.7967856,n
0.6512239,3.6616495,2.953361,3.952622,n
0.06049572,0.12612629,3.2628403,3.4620383,n
0.058800682,0.112013884,3.3237605,3.6287649,n
5.655816,12.261513,1.7688038,2.4734092,n
0.809935,2.3939445,2.7701147,3.6885328,n
2.1412902,5.348973,2.1633208,2.354679,n
2.3754525,3.0948374,2.2927155,2.8599136,c
1.5268575,2.695825,4.199948,4.8247538,c
1.0390114,1.7088042,2.4430811,2.9732482,c
0.7371894,1.148089,3.925622,5.603919,n
1.3165743,2.0315382,2.6840575,3.1867135,c
2.5093248,5.4402823,2.755044,3.1628153,c
2.537663,3.0136003,2.5155122,2.9482384,n
2.9090502,4.4193945,4.468962,4.931456,c
1.6876507,4.913561,3.5433972,5.155255,c
0.25985724,0.5254306,2.2116392,2.9013553,n
1.7713339,2.2230072,2.6590567,4.290625,n
0.053730812,0.12942702,3.2097654,4.1576047,n
3.942046,5.224026,2.9976635,4.415342,n
1.9618661,4.2469277,1.7932276,2.122653,c
0.66071165,1.0499421,2.4360268,3.2407937,n
3.8948903,5.509876,1.8847743,2.5701215,c
2.4235225,5.367807,1.8928906,2.8584507,c
2.4732738,3.235854,2.2034056,2.5569518,n
3.7253065,6.8765235,4.6327524,5.160584,c
1.2194451,4.4476233,4.072535,4.5802298,c
3.3629353,6.2632504,4.243991,4.6844544,c
2.8154685,4.9294114,3.3689265,3.7770746,c
0.92323536,2.228216,3.5543056,4.1641736,c
2.3141847,3.0364702,2.6640515,3.1623633,n
1.9148712,2.842264,2.3537638,2.6436858,n
1.9148712,2.842264,2.3537638,2.6436858,n
5.0038576,11.907547,1.3198316,2.0281894,n
2.56302,3.7822287,2.1484811,2.7534442,n
1.3433342,2.9444215,2.1768992,3.9293633,c
2.1642528,2.880042,2.456872,2.6746209,n
0.60425675,0.912728,3.4051912,4.171103,n
0.18977802,0.25255823,4.3097725,5.2188725,n
2.0024023,3.126179,3.0419753,3.432092,c
0.118124984,0.19831559,2.3250084,2.9362202,n
0.2929193,1.8055744,3.475171,4.6095834,n
1.5512763,2.9112036,3.3676233,3.741131,c
1.5990433,3.338988,3.6677883,4.2670293,c
2.757799,4.2501206,3.3531759,4.394121,c
1.3763224,2.299682,2.6299884,3.0696971,n
0.044902056,0.5914607,3.1183302,3.8768904,n
1.3364235,2.2420578,2.6785705,3.881751,c
1.5388522,2.103052,3.187129,4.7204003,n
0.73850906,2.7536266,2.874926,3.2867622,c
0.58747643,0.95597124,3.3606608,3.8138723,c
0.9470174,6.4065876,2.6237116,3.342724,n
0.53841585,1.11885,2.386417,3.1246414,n
3.2402644,6.045437,2.2946475,3.0679042,c
3.7067513,15.3970375,2.3365839,3.7992287,n
0.86667717,2.7730706,2.937764,3.6720634,c
1.0117621,2.9172173,2.9361298,3.5660038,c
0.11958766,0.17236543,2.430803,2.9018784,n
0.7591121,2.4037302,3.2543445,4.103315,c
0.3584173,2.6407773,2.31716,4.410594,c
3.8134675,4.694637,2.239623,2.7977984,n
1.1046224,1.6196315,2.8520496,3.8959267,n
0.8387876,3.127398,2.209905,3.0054522,c
2.1358302,3.8167303,2.1933563,2.8654277,n
0.6061503,1.146117,2.201955,2.8542702,c
0.43095013,0.9610306,2.1198678,3.3710947,c
1.5285964,5.3564615,3.129788,4.250917,n
2.8112855,4.910583,2.3667116,2.9622164,c
3.0114014,6.9748716,2.221756,2.6577806,c
2.0678341,2.9234219,2.1789932,2.5251634,c
0.73222256,1.156786,3.1438782,3.6006315,n
1.56125,3.903699,3.1215532,3.4451838,n
0.3134875,0.6127667,2.8056462,3.0500906,n
0.50470096,1.0709196,2.3572652,2.7836914,n
0.46356055,1.0259055,2.5518172,3.2410975,n
1.387127,3.7595193,3.0938413,3.5240703,n
9.35252,19.382566,2.7570617,3.549389,c
0.47374254,2.1167784,2.9070249,3.2870202,c
3.1664312,4.5324097,2.5654364,3.2207363,n
1.0096807,1.369622,2.0971868,2.6588979,n
1.5555915,3.1706274,2.1419203,4.2827682,c
0.1525949,0.30108804,2.1116695,3.3451452,n
0.970719,1.9137722,2.0642357,2.7587223,n
1.021497,1.1895874,1.6790701,2.2524803,n
0.27561358,0.44156837,2.7259984,3.2769752,n
0.46356213,0.9566972,2.5722134,2.8712387,n
1.3215293,11.400779,3.5845327,3.858271,n
0.48687372,0.84703976,2.1373527,2.4801557,n
1.525675,1.8340515,1.7860311,2.1693263,n
2.5041075,2.6496356,1.7320362,1.9995657,n
1.8633922,2.3716898,2.1013055,2.2792566,n
4.8281775,5.5073504,1.6367261,2.2515416,n
3.5492108,5.28639,2.0459952,2.4030614,n
0.8580208,1.7891122,3.2619555,3.6623242,n
0.16066974,0.5259127,3.2461293,3.5707374,n
0.19464634,0.29110327,3.1663306,3.3458037,n
1.7149438,3.0631812,3.737816,4.1009154,n
0.8657262,2.5766187,2.9818184,3.250049,n
0.18718465,0.39386743,3.0564883,3.5579417,n
4.3160768,12.204488,1.9882635,2.8396628,c
2.4216938,3.2134304,2.1136158,2.4654808,c
1.2992934,3.9415112,4.1600122,5.3647366,n
2.966555,4.9025764,4.862194,5.5791388,c
0.07759319,0.22350661,3.2050173,3.8808446,n
5.203183,7.1256986,3.3523872,3.7689776,c
1.9474684,4.1551,2.8787699,3.2190425,n
5.3791714,8.226038,3.7808976,4.5635686,n
1.2796801,4.765653,3.8001432,4.153513,c
1.2249341,4.8940935,3.7374585,3.988504,c
2.5574057,4.215015,3.4197204,4.137386,c
2.6335635,6.8309574,3.4855258,4.106092,c
3.4258091,8.467039,3.1843019,3.8921463,c
2.4106922,5.5775905,3.3302531,3.8567173,c
2.5704978,4.583008,3.5272663,3.8263643,c
3.2627964,6.984669,3.2429726,3.8900533,c
5.0914555,9.135271,2.2392573,3.196886,c
1.5397325,3.1518252,2.3213296,2.834763,c
3.55112,8.871184,3.707011,4.303,n
4.1729226,5.979167,4.11668,4.9852986,n
4.1549478,5.221128,3.8989806,4.877312,n
3.8691478,7.792644,3.8759549,4.724236,n
0.7553015,1.5696992,1.7253708,2.1262732,n
0.1734856,0.6555339,2.656551,3.267633,n
4.8486047,5.8218517,3.3442688,3.8747442,c
1.26481,3.1989648,3.0141118,3.9176183,n
1.951548,4.504511,2.7932696,3.2050505,n
1.0753669,2.0822031,2.8744137,3.1270106,n
2.5605648,4.8128133,3.706174,5.024216,n
2.7391503,5.73994,2.547918,2.828869,n
2.169434,4.208128,3.1200562,3.596337,n
3.498707,5.465746,3.440035,3.8622348,n
5.2549667,9.257686,3.187802,3.7516348,n
2.5003128,5.7462845,2.293993,2.6816854,n
1.6891936,5.062243,1.9545323,2.6976547,n
0.30107543,0.6811203,2.6995032,3.0213506,n
0.23331527,0.4996522,3.1522756,3.5314877,n
1.3687047,3.0110598,2.555382,2.7215161,n
5.0000243,7.0091133,3.0563765,3.6282015,c
3.0130258,6.203228,1.7549688,1.9715166,n
1.6921794,3.4013379,2.4641368,2.8604672,n
1.8180821,4.454197,1.9895427,2.3605201,n
1.2925779,2.9892428,2.5925148,2.9562325,n
2.1805823,5.66588,1.864113,2.2374234,n
1.6684258,2.6716712,3.2972474,3.57147,n
0.40686604,0.48906842,3.04246,3.2813458,n
2.0132213,5.0300894,3.3032503,3.8760087,c
1.0857188,5.148838,3.488212,4.9098887,c
1.3152021,1.4588652,4.008775,4.6862874,n
0.54333085,1.1511775,3.0587232,3.2445576,c
3.1038966,3.8131263,3.7257483,4.5042977,n
0.7281848,1.0502275,2.725614,2.9669552,n
0.650882,0.92814755,2.7375362,3.0041559,n
0.88526964,1.4560337,2.3386004,2.6113007,c
1.6171857,2.8601475,2.6474867,3.199176,n
1.6171857,2.8601475,2.6474867,3.199176,n
0.84812737,1.3205923,2.4771283,2.9613173,n
0.40967268,2.5029545,2.8986928,3.593637,n
0.41462952,0.5328648,3.1487453,3.586961,n
1.0871686,1.5236822,2.8063812,3.2580526,n
1.3840625,3.1018262,2.945676,3.3758957,n
1.1297915,2.3543637,2.6304026,2.9945498,n
2.7151067,5.4184923,5.3530216,5.640255,n
3.5627558,7.1426353,4.4891787,5.6869063,n
8.462459,9.283294,2.1625454,2.5695243,n
11.2739525,12.915525,1.4582282,1.9416417,n
1.6182464,1.8833858,2.5242891,3.189559,c
0.49738255,1.0582163,2.8854227,3.4958022,n
5.1785975,5.670133,3.562289,4.0247045,n
4.1669316,4.358398,4.098218,4.361637,n
2.2940834,3.064914,3.4609122,4.7018476,c
0.6367213,1.3993355,4.019591,4.5491242,n
1.9111739,4.4937553,2.9768493,3.4425206,n
2.7091737,6.2742195,2.731242,3.4736426,n
1.9956586,4.1563168,4.1639276,4.4497766,n
0.07902644,0.11898065,3.2995963,3.9345396,n
0.101354994,0.15365669,2.7702968,3.2350554,n
3.2698066,6.3085747,4.4254556,5.559199,n
0.18627451,0.3449134,3.0402982,3.9705884,n
0.15318109,0.36467296,3.1295812,3.7203827,n
0.35040992,0.5182833,2.9601707,3.735041,n
0.33011845,0.38376814,2.893166,3.3742173,n
1.9070479,2.3223343,2.701926,3.5704312,n
7.7103786,12.830365,1.6743277,2.9392593,n
1.4142329,2.2590182,2.0191483,2.2348387,n
0.22548819,0.40163523,3.9703424,4.2468224,n
2.9255135,4.258186,3.5366905,4.256498,n
1.2497679,4.8106236,3.9577887,4.2726207,c
0.51553893,2.604019,3.5676832,4.520245,c
0.20035192,0.35813314,3.6488695,4.227887,c
0.5113191,1.4209082,2.6309605,3.0822077,n
3.9988842,6.057647,3.59546,4.31634,n
3.616344,5.3682,3.6104767,4.0044537,n
4.3933964,15.182187,2.8096251,3.6721382,n
1.5886136,1.8813481,3.2959607,3.455657,n
1.6825765,2.2111406,3.4400318,3.6127028,n
0.06554805,0.1283153,3.4624422,4.3866615,n
2.2381058,2.3756573,4.801992,5.5185614,n
2.3067951,3.1377213,3.5137582,4.1617928,c
2.8029022,4.74297,3.2901556,4.046032,c
3.7920656,7.220045,2.7605128,3.5611749,c
0.08898715,5.2621274,3.1897554,3.693457,n
0.9207538,3.3870873,3.5327294,3.8204494,c
4.541175,5.612419,3.1194184,3.413712,n
4.16944,7.9826617,2.79732,3.992492,n
1.4440573,3.0974483,3.4724524,4.25068,c
0.7464585,0.80692565,2.8183086,3.1088395,n
2.40254,3.0384173,2.2324774,2.379133,n
0.19971342,0.28712288,2.9316926,3.7052624,n
4.0806675,4.5630035,2.4736416,2.9327626,n
1.9226785,4.8160596,2.82647,3.39548,c
0.3743684,2.7122426,2.7366514,3.8795805,n
0.4141904,1.7594656,3.4677963,4.2545137,c
0.70872885,0.8353873,2.8733876,3.02809,n
0.38005376,0.43769625,2.8093193,3.200729,n
1.2528577,1.8720683,2.4355693,2.7097545,n
0.7878151,2.5775456,3.5589232,4.649248,c
1.5025734,2.3826656,2.5934896,2.8924313,c
3.9213018,10.366033,3.0002406,3.25473,n
0.5668735,1.0381596,3.3220081,3.5502725,n
1.2778631,4.1551843,3.3416488,3.582216,n
2.2264352,4.8673625,3.6323695,4.0298023,n
2.3550305,4.8015347,3.4335601,3.875212,n
0.8766044,2.7267737,2.9720154,3.527424,n
0.98681563,2.3104072,2.8160102,3.1871903,n
0.6667205,1.7266937,3.126496,3.3879442,n
2.678498,5.7653904,3.9619133,4.3351665,n
